RANK,SYMBOL,NAME,SECTOR,ISIN,SERIES,CLOSE,SCORE,WEIGHT_PCT,R12_PCT,R12_SKIP_PCT,R6_PCT,R3_PCT,VOLATILITY_PCT,VOL_RANK_PCT,VAM,AGREE,ATH,ATH_DATE,FROM_ATH_PCT,ADTV_CR,STALE_SESSIONS,FROZEN_RATE,ELIGIBLE
1,SBC,SBC Exports Limited,,INE04AK01028,EQ,61.7,5.3109,7.55,182.8978,150.421,101.7659,46.4862,28.323,0.1821,5.3109,1.0,62.04,2026-10-05,-0.55,51.41,0,0.0,HAAN
2,SANSERA,Sansera Engineering Limited,Automobile and Auto Components,INE953O01021,EQ,4232.9,4.8048,6.83,182.4193,202.0192,98.1138,34.3138,42.0452,0.6734,4.8048,1.0,4662.4,2026-09-25,-9.21,107.14,0,0.0,HAAN
3,WELCORP,Welspun Corp Limited,Capital Goods,INE191B01025,EQ,2660.9,4.7682,6.78,204.817,205.9579,214.2115,72.6736,43.1937,0.7001,4.7682,1.0,2842.0,2026-09-29,-6.37,467.82,0,0.0,HAAN
4,SHREEJISPG,Shreeji Shipping Global Limited,Services,INE1B6101010,EQ,796.5,4.5156,6.42,216.511,197.4906,138.259,52.9231,43.735,0.7162,4.5156,1.0,796.5,2026-10-06,0.0,68.77,0,0.0,HAAN
5,RPTECH,Rashi Peripherals Limited,,INE0J1F01024,EQ,958.25,4.098,5.83,200.0626,180.3965,162.7502,27.3337,44.0207,0.7216,4.098,1.0,958.25,2026-10-06,0.0,44.47,0,0.0,HAAN
6,LAURUSLABS,Laurus Labs Limited,Healthcare,INE947Q01028,EQ,2050.0,3.9808,5.66,128.7053,117.785,96.5673,38.7573,29.5883,0.2383,3.9808,1.0,2050.0,2026-10-06,0.0,450.78,0,0.0,HAAN
7,WHEELS,Wheels India Limited,,INE715A01015,EQ,2289.0,3.6751,5.23,162.8316,183.8402,134.9258,51.159,50.0226,0.8608,3.6751,1.0,2400.6,2026-09-09,-4.65,74.11,0,0.0,HAAN
8,CPPLUS,Aditya Infotech Limited,Capital Goods,INE819V01029,EQ,3976.0,3.6118,5.14,201.0525,157.5144,120.938,11.918,43.611,0.7135,3.6118,1.0,3989.5,2026-10-05,-0.34,88.32,0,0.0,HAAN
9,SKYGOLD,SKY GOLD AND DIAMONDS LIMITED,Consumer Durables,INE01IU01018,EQ,857.65,3.6033,5.12,209.7887,174.0072,152.2129,49.2474,48.2912,0.8246,3.6033,1.0,857.65,2026-10-06,0.0,87.39,0,0.0,HAAN
10,SHILPAMED,Shilpa Medicare Limited,Healthcare,INE790G01031,EQ,1073.7,3.5815,5.09,170.8969,150.795,176.0864,79.0097,42.1044,0.6774,3.5815,1.0,1073.7,2026-10-06,0.0,136.93,0,0.0,HAAN
11,AETHER,Aether Industries Limited,Chemicals,INE0BWX01014,EQ,1799.8,3.4274,4.87,143.0192,137.5794,63.114,35.3233,40.1408,0.6198,3.4274,1.0,1799.8,2026-10-06,0.0,57.37,0,0.0,HAAN
12,ATHERENERG,Ather Energy Limited,Automobile and Auto Components,INE0LEZ01016,EQ,1446.0,3.2925,4.68,159.5118,158.6489,89.7264,26.7754,48.1854,0.8233,3.2925,1.0,1725.6,2026-09-01,-16.2,713.59,0,0.0,HAAN
13,HAPPYFORGE,Happy Forgings Limited,Capital Goods,INE330T01021,EQ,1989.4,2.9392,4.18,104.5866,105.8984,67.3734,33.008,36.0302,0.4659,2.9392,1.0,2420.4,2026-09-01,-17.81,20.4,0,0.0,HAAN
14,GCSL,Gretex Corporate Services Limited,,INE199P01028,EQ,693.05,2.7526,3.92,161.6764,143.3364,106.7572,42.5735,52.0729,0.8983,2.7526,1.0,693.05,2026-10-06,0.0,35.78,0,0.0,HAAN
15,MCX,Multi Commodity Exchange of India Limited,Financial Services,INE745G01043,EQ,3310.0,2.7046,3.85,106.2819,103.9942,35.4892,25.227,38.4507,0.5489,2.7046,1.0,3441.7,2026-05-20,-3.83,671.03,0,0.0,HAAN
16,KIRLOSENG,Kirloskar Oil Engines Limited,Capital Goods,INE146L01010,EQ,2266.1,2.701,3.84,139.8624,127.4726,63.7474,-0.1674,47.1954,0.8086,2.701,1.0,2563.6,2026-06-24,-11.6,125.0,0,0.0,HAAN
17,SONACOMS,Sona BLW Precision Forgings Limited,Automobile and Auto Components,INE073K01018,EQ,820.0,2.6789,3.81,100.1709,83.3636,65.1395,22.1692,31.1185,0.2985,2.6789,1.0,833.0,2026-09-23,-1.56,190.07,0,0.0,HAAN
18,ACUTAAS,Acutaas Chemicals Limited,Healthcare,INE00FF01025,EQ,3156.7,2.6329,3.74,123.7049,118.518,49.5925,-6.9095,45.0146,0.747,2.6329,1.0,3694.8,2026-07-03,-14.56,112.44,0,0.0,HAAN
19,STYLAMIND,Stylam Industries Limited,Consumer Durables,INE239C01020,EQ,3303.5,2.6281,3.74,93.402,89.7802,51.7804,7.1313,34.161,0.3976,2.6281,1.0,3736.4,2026-08-18,-11.59,29.44,0,0.0,HAAN
20,SYRMA,Syrma SGS Technology Limited,Capital Goods,INE0DYJ01015,EQ,1685.1,2.6017,3.7,101.7359,115.1136,111.6162,24.2699,44.2449,0.7242,2.6017,1.0,1782.9,2026-09-30,-5.49,283.39,0,0.0,HAAN
21,TMB,Tamilnad Mercantile Bank Limited,Financial Services,INE668A01016,EQ,878.95,2.5379,,106.1086,97.6718,40.9364,14.4317,38.4846,0.5515,2.5379,1.0,942.45,2026-09-03,-6.74,30.21,0,0.0,HAAN
22,RATNAVEER,Ratnaveer Precision Engineering Limited,,INE05CZ01011,EQ,335.25,2.4841,,105.6496,125.7042,139.8069,88.3639,50.6037,0.8755,2.4841,1.0,345.45,2026-10-01,-2.95,196.68,0,0.0,HAAN
23,RRKABEL,R R Kabel Limited,Capital Goods,INE777K01022,EQ,2789.7,2.4598,,120.8089,96.7683,109.1857,27.3545,39.3393,0.5917,2.4598,1.0,2928.4,2026-08-31,-4.74,150.05,0,0.0,HAAN
24,UNIPARTS,Uniparts India Limited,,INE244O01017,EQ,824.7,2.4553,,101.7862,103.8724,75.8047,26.6723,42.3046,0.6787,2.4553,1.0,902.1,2026-09-07,-8.58,14.62,0,0.0,HAAN
25,ARFIN,Arfin India Limited,,INE784R01023,EQ,96.36,2.4461,,105.0213,96.404,26.5397,5.6232,39.4107,0.5971,2.4461,1.0,99.77,2026-05-12,-3.42,14.47,0,0.0,HAAN
26,FEDERALBNK,The Federal Bank  Limited,Financial Services,INE171A01029,EQ,320.0,2.4446,,65.5201,63.7857,20.5046,-3.4836,26.092,0.1071,2.4446,1.0,371.7,2026-08-03,-13.91,204.89,0,0.0,HAAN
27,MBAPL,Madhya Bharat Agro Products Limited,Chemicals,INE900L01028,EQ,166.95,2.433,,100.4683,94.2588,56.9817,47.9397,38.7417,0.5663,2.433,1.0,170.63,2026-09-30,-2.16,19.39,0,0.0,HAAN
28,KTKBANK,The Karnataka Bank Limited,Financial Services,INE614B01018,EQ,324.25,2.3702,,87.9928,82.2583,42.5463,22.0132,34.7049,0.4177,2.3702,1.0,343.05,2026-09-23,-5.48,81.66,0,0.0,HAAN
29,SETL,Standard Engineering Technology Limited,,INE0M4D01010,EQ,428.3,2.3448,,136.4078,118.8989,237.6695,64.0682,50.7081,0.8782,2.3448,1.0,468.15,2026-09-11,-8.51,32.9,0,0.016,HAAN
30,DIVISLAB,Divi's Laboratories Limited,Healthcare,INE361B01024,EQ,9550.0,2.318,,61.9468,56.25,63.0667,41.0323,24.2666,0.0736,2.318,1.0,9624.0,2026-09-23,-0.77,433.38,0,0.0,HAAN
31,SAILIFE,Sai Life Sciences Limited,Healthcare,INE570L01029,EQ,1558.1,2.2738,,76.7455,76.9183,62.3105,28.9178,33.8283,0.3896,2.2738,1.0,1675.4,2026-09-09,-7.0,89.42,0,0.0,HAAN
32,SGMART,SG Mart Limited,Metals & Mining,INE385F01024,EQ,742.85,2.2302,,97.6716,90.0482,47.1573,23.8187,40.3765,0.6265,2.2302,1.0,842.3,2026-08-26,-11.81,41.16,0,0.0,HAAN
33,NRBBEARING,NRB Bearing Limited,,INE349A01021,EQ,536.95,2.22,,83.6983,92.0213,128.9765,24.0069,41.4511,0.656,2.22,1.0,542.6,2026-10-01,-1.04,31.28,0,0.0,HAAN
34,SENORES,Senores Pharmaceuticals Limited,Healthcare,INE0RB801010,EQ,1388.6,2.1862,,98.2723,88.7593,77.0609,2.1931,40.5989,0.6319,2.1862,1.0,1550.9,2026-08-19,-10.46,37.37,0,0.0,HAAN
35,PAISALO,Paisalo Digital Limited,Financial Services,INE420C01059,EQ,83.1,2.1438,,112.4776,93.3447,132.3826,19.4996,43.541,0.7108,2.1438,1.0,95.45,2024-03-02,-12.94,117.81,0,0.0,HAAN
36,AKUMS,Akums Drugs and Pharmaceuticals Limited,Healthcare,INE09XN01023,EQ,814.65,2.0905,,77.5997,68.4283,63.2402,25.3597,32.7331,0.3481,2.0905,1.0,1119.95,2024-08-19,-27.26,26.2,0,0.0,HAAN
37,BHEL,Bharat Heavy Electricals Limited,Capital Goods,INE257A01026,EQ,452.0,2.0524,,92.6519,75.6578,82.1773,20.0691,36.8623,0.4953,2.0524,1.0,452.0,2026-10-06,0.0,410.29,0,0.0,HAAN
38,INDOBORAX,Indo Borax & Chemicals Limited,,INE803D01021,EQ,491.75,2.0494,,104.5889,101.3619,99.7441,20.0122,49.4584,0.8487,2.0494,1.0,516.05,2026-09-01,-4.71,32.54,0,0.0,HAAN
39,APARINDS,Apar Industries Limited,Capital Goods,INE372A01015,EQ,18016.0,2.0181,,106.2625,93.0337,83.2384,27.2856,46.1002,0.7845,2.0181,1.0,18945.0,2026-09-21,-4.9,239.82,0,0.0,HAAN
40,CYIENTDLM,Cyient DLM Limited,,INE055S01018,EQ,939.0,2.0086,,109.645,91.6188,235.2374,74.9255,45.6141,0.7711,2.0086,1.0,976.25,2026-09-08,-3.82,64.82,0,0.0,HAAN
41,MARKSANS,Marksans Pharma Limited,Healthcare,INE750C01026,EQ,324.4,2.007,,91.5107,85.8777,92.923,24.196,42.79,0.6934,2.007,1.0,353.4,2024-12-02,-8.21,106.1,0,0.0,HAAN
42,NAVINFLUOR,Navin Fluorine International Limited,Chemicals,INE048G01026,EQ,8536.0,2.0061,,79.7393,72.2923,44.899,13.1045,36.0365,0.4672,2.0061,1.0,8775.5,2026-09-09,-2.73,163.21,0,0.0,HAAN
43,SHRIPISTON,SPR Auto Technologies Limited,Automobile and Auto Components,INE526E01018,EQ,4405.0,1.9978,,69.2018,77.0785,50.4234,3.1833,38.5818,0.5569,1.9978,1.0,4749.2,2026-09-29,-7.25,33.0,0,0.0,HAAN
44,AUROPHARMA,Aurobindo Pharma Limited,Healthcare,INE406A01037,EQ,1692.8,1.9532,,54.3118,50.3676,26.9251,6.9294,25.7873,0.1031,1.9532,1.0,1734.0,2026-09-18,-2.38,146.31,0,0.0,HAAN
45,GRANULES,Granules India Limited,Healthcare,INE101D01020,EQ,836.4,1.9261,,57.7667,56.7523,36.3103,-3.144,29.4644,0.2316,1.9261,1.0,909.3,2026-09-11,-8.02,90.32,0,0.0,HAAN
46,DYNAMATECH,Dynamatic Technologies Limited,Capital Goods,INE221B01012,EQ,14279.0,1.9192,,106.8821,88.2243,52.1633,32.6428,45.9701,0.7805,1.9192,1.0,14279.0,2026-10-06,0.0,23.75,0,0.0,HAAN
47,ANANDRATHI,Anand Rathi Wealth Limited,Financial Services,INE463V01026,EQ,2142.0,1.8875,,49.0398,40.0183,33.5328,4.386,21.2021,0.0228,1.8875,1.0,2229.5,2026-09-08,-3.92,63.0,0,0.0,HAAN
48,FILATEX,Filatex India Limited,,INE816B01035,EQ,111.36,1.8811,,108.5393,93.958,174.3533,93.1992,49.9471,0.8554,1.8811,1.0,112.0,2026-09-29,-0.57,50.26,0,0.0,HAAN
49,PGIL,Pearl Global Industries Limited,Textiles,INE940H01022,EQ,1266.7,1.8652,,94.6822,91.5749,70.4731,28.5533,49.0973,0.838,1.8652,1.0,1329.1,2026-09-25,-4.69,31.78,0,0.0,HAAN
50,TFCILTD,Tourism Finance Corporation of India Limited,,INE305A01023,EQ,140.65,1.8517,,93.3333,91.9736,117.5561,78.1507,49.6704,0.8501,1.8517,1.0,146.71,2026-09-03,-4.13,170.85,0,0.0,HAAN
51,GNA,GNA Axles Limited,,INE934S01014,EQ,615.8,1.8487,,93.6478,85.3803,65.8497,31.091,46.1844,0.7871,1.8487,1.0,620.45,2026-09-24,-0.75,41.31,0,0.0,HAAN
52,BHARATFORG,Bharat Forge Limited,Automobile and Auto Components,INE465A01025,EQ,1880.0,1.8326,,55.7194,54.2645,14.4527,-10.968,29.6112,0.2396,1.8326,1.0,2265.2,2026-08-07,-17.01,207.75,0,0.0,HAAN
53,BAJAJCON,Bajaj Consumer Care Limited,Fast Moving Consumer Goods,INE933K01021,EQ,493.5,1.8159,,102.2707,86.1814,36.9122,-20.4353,47.4603,0.8153,1.8159,1.0,670.25,2026-07-10,-26.37,49.48,0,0.0,HAAN
54,WELSPUNLIV,Welspun Living Limited,Textiles,INE192B01031,EQ,237.86,1.7833,,98.531,79.7288,105.1048,39.5646,44.7081,0.739,1.7833,1.0,239.17,2026-10-01,-0.55,111.15,0,0.0,HAAN
55,RAYMOND,Raymond Limited,,INE301A01014,EQ,1294.3,1.7745,,109.9773,88.8675,268.7464,112.0587,50.0797,0.8661,1.7745,1.0,1300.7,2026-10-05,-0.49,243.49,0,0.0,HAAN
56,CHENNPETRO,Chennai Petroleum Corporation Limited,Oil Gas & Consumable Fuels,INE178A01016,EQ,1405.7,1.727,,86.3088,89.0448,36.1783,29.4264,51.5608,0.8902,1.727,1.0,1626.4,2026-09-10,-13.57,305.94,0,0.0,HAAN
57,ARVIND,Arvind Limited,Textiles,INE034A01011,EQ,534.65,1.7107,,69.973,65.9594,46.3792,-0.8254,38.5559,0.5529,1.7107,1.0,587.1,2026-06-30,-8.93,35.61,0,0.0,HAAN
58,BELRISE,Belrise Industries Limited,Automobile and Auto Components,INE894V01022,EQ,236.81,1.708,,47.3524,61.0442,24.1273,2.9743,35.7404,0.4525,1.708,1.0,261.35,2026-08-12,-9.39,94.79,0,0.0,HAAN
59,INDIAGLYCO,India Glycols Limited,Fast Moving Consumer Goods,INE560A01023,EQ,318.95,1.6698,,84.6826,74.8025,76.1664,46.1871,44.7961,0.743,1.6698,1.0,318.95,2026-10-06,0.0,27.46,0,0.024,HAAN
60,TORNTPHARM,Torrent Pharmaceuticals Limited,Healthcare,INE685A01028,EQ,4772.0,1.6573,,35.1229,36.486,19.683,-1.744,22.0154,0.0321,1.6573,1.0,5122.8,2026-07-31,-6.85,265.5,0,0.0,HAAN
61,LUMAXTECH,Lumax Auto Technologies Limited,Automobile and Auto Components,INE872H01027,EQ,1856.9,1.6275,,45.059,83.1621,15.0567,24.4488,51.0966,0.8822,1.6275,1.0,2116.4,2026-09-22,-12.26,49.04,0,0.0,HAAN
62,COMSYN,Commercial Syn Bags Limited,,INE073V01015,EQ,263.0,1.6237,,67.42,80.797,71.7383,37.0791,49.7614,0.8527,1.6237,1.0,306.55,2026-09-18,-14.21,23.1,0,0.0,HAAN
63,RBLBANK,RBL Bank Limited,Financial Services,INE976G01028,EQ,414.5,1.6181,,50.481,50.0737,37.7076,10.5039,30.9457,0.2918,1.6181,1.0,701.45,2019-05-28,-40.91,172.37,0,0.0,HAAN
64,HONASA,Honasa Consumer Limited,Fast Moving Consumer Goods,INE0J5401028,EQ,478.3,1.592,,62.2181,52.7532,57.3355,2.8934,33.1364,0.3641,1.592,1.0,541.75,2024-09-10,-11.71,92.55,0,0.0,HAAN
65,ADANIPOWER,Adani Power Limited,Power,INE814H01029,EQ,202.4,1.5798,,35.8389,55.3338,26.5237,-7.1858,35.0267,0.427,1.5798,1.0,248.91,2026-05-27,-18.69,448.38,0,0.0,HAAN
66,TITAN,Titan Company Limited,Consumer Durables,INE280A01028,EQ,4550.0,1.5765,,34.6752,37.2569,11.0514,-1.1772,23.6328,0.0589,1.5765,1.0,5169.2,2026-08-28,-11.98,367.84,0,0.0,HAAN
67,SHRIRAMFIN,Shriram Finance Limited,Financial Services,INE721A01047,EQ,965.05,1.5629,,57.5078,55.7346,8.238,-9.5379,35.6606,0.4511,1.5629,1.0,1141.0,2026-08-06,-15.42,485.02,0,0.0,HAAN
68,RAMRAT,Ram Ratna Wires Limited,,INE207E01023,EQ,641.2,1.5611,,99.3936,66.408,111.5822,58.6932,42.5393,0.6841,1.5611,1.0,641.2,2026-10-06,0.0,19.9,0,0.0,HAAN
69,IDEA,Vodafone Idea Limited,Telecommunication,INE669E01016,EQ,13.21,1.5537,,52.1889,71.8112,53.9627,-4.6209,46.2193,0.7898,1.5537,1.0,202.75,2015-04-16,-93.48,586.51,0,0.0,HAAN
70,CRAFTSMAN,Craftsman Automation Limited,Automobile and Auto Components,INE00LO01017,EQ,10348.0,1.5458,,53.0316,55.5408,52.423,13.7268,35.931,0.4592,1.5458,1.0,11851.0,2026-09-10,-12.68,59.82,0,0.0,HAAN
71,FINCABLES,Finolex Cables Limited,Capital Goods,INE235A01022,EQ,1474.0,1.5431,,79.7013,66.7871,84.7928,40.6489,43.281,0.7028,1.5431,1.0,1666.5,2024-07-05,-11.55,151.15,0,0.0,HAAN
72,PARAS,Paras Defence and Space Technologies Limited,Capital Goods,INE045601023,EQ,1323.3,1.5412,,86.2491,77.6427,108.2134,2.2248,50.3794,0.8728,1.5412,1.0,1527.3,2026-08-18,-13.36,165.06,0,0.0,HAAN
73,GANDHAR,Gandhar Oil Refinery (India) Limited,,INE717W01049,EQ,282.5,1.5408,,98.357,75.5073,123.2849,46.639,49.0044,0.8353,1.5408,1.0,309.7,2023-12-15,-8.78,72.76,0,0.0,HAAN
74,DCBBANK,DCB Bank Limited,Financial Services,INE503A01015,EQ,200.78,1.5261,,60.0351,59.1928,21.3319,8.5649,38.7857,0.5676,1.5261,1.0,240.75,2019-06-07,-16.6,41.12,0,0.0,HAAN
75,SOUTHBANK,The South Indian Bank Limited,Financial Services,INE683A01023,EQ,47.23,1.509,,59.3455,64.3799,28.552,-0.923,42.6628,0.6894,1.509,1.0,49.95,2026-09-25,-5.45,60.44,0,0.0,HAAN
76,AZAD,Azad Engineering Limited,Capital Goods,INE02IJ01035,EQ,3062.6,1.5088,,88.6767,65.5441,98.0983,34.602,43.4417,0.7082,1.5088,1.0,3062.6,2026-10-06,0.0,203.52,0,0.0,HAAN
77,AJANTPHARM,Ajanta Pharma Limited,Healthcare,INE031B01049,EQ,3573.4,1.5078,,43.5446,38.3299,28.0238,7.8111,25.4208,0.0937,1.5078,1.0,3718.2,2026-08-17,-3.89,33.57,0,0.0,HAAN
78,ALIVUS,Alivus Life Sciences Limited,,INE03Q201024,EQ,1384.0,1.5077,,46.1843,42.1028,39.8545,20.905,27.9244,0.1687,1.5077,1.0,1443.7,2026-09-01,-4.14,21.52,0,0.0,HAAN
79,BBOX,Black Box Limited,Information Technology,INE676A01027,EQ,839.95,1.4971,,74.1551,68.1843,77.9744,-12.0655,45.5432,0.7684,1.4971,1.0,1078.2,2026-06-04,-22.1,39.0,0,0.0,HAAN
80,INOXINDIA,INOX India Limited,Capital Goods,INE616N01034,EQ,2077.3,1.4901,,71.6635,63.2262,67.214,14.9967,42.4295,0.6801,1.4901,1.0,2295.8,2026-09-10,-9.52,74.65,0,0.0,HAAN
81,IPCALAB,IPCA Laboratories Limited,Healthcare,INE571A01038,EQ,1945.5,1.473,,44.0578,43.1459,30.7196,8.4992,29.2914,0.2249,1.473,1.0,2009.6,2026-09-18,-3.19,73.31,0,0.0,HAAN
82,RADICO,Radico Khaitan Limited,Fast Moving Consumer Goods,INE944F01028,EQ,4460.1,1.4655,,50.5367,48.756,70.0252,8.8201,33.2702,0.3695,1.4655,1.0,4732.9,2026-08-18,-5.76,150.64,0,0.0,HAAN
83,CENTUM,Centum Electronics Limited,Capital Goods,INE320B01020,EQ,4451.0,1.4621,,62.0195,72.6806,56.9187,25.1687,49.7109,0.8514,1.4621,1.0,4920.7,2026-09-29,-9.55,33.21,0,0.0,HAAN
84,BLSE,BLS E-Services Limited,,INE0NLT01028,EQ,160.9,1.4572,,73.0015,61.969,100.4735,20.4657,42.5261,0.6827,1.4572,1.0,199.72,2024-02-20,-19.44,17.86,0,0.0,HAAN
85,SJS,S.J.S. Enterprises Limited,Automobile and Auto Components,INE284S01014,EQ,1981.4,1.4569,,35.6287,54.5933,23.5364,-10.2749,37.4711,0.5181,1.4569,1.0,2561.7,2026-08-24,-22.65,38.27,0,0.0,HAAN
86,SOTL,Savita Oil Technologies Limited,,INE035D01020,EQ,775.5,1.4509,,95.8581,70.0839,146.5035,38.7547,48.3051,0.826,1.4509,1.0,781.95,2026-08-06,-0.82,59.55,0,0.0,HAAN
87,MOTHERSON,Samvardhana Motherson International Limited,Automobile and Auto Components,INE775A01035,EQ,160.0,1.4491,,51.8315,48.9906,49.7987,11.5994,33.8075,0.3882,1.4491,1.0,170.68,2026-08-31,-6.26,245.66,0,0.0,HAAN
88,KRISHANA,Krishana Phoschem Limited,,INE506W01020,EQ,193.66,1.4456,,77.2145,66.2831,79.5809,49.66,45.8504,0.7764,1.4456,1.0,205.16,2026-08-26,-5.61,19.83,0,0.0,HAAN
89,RISHABH,Rishabh Instruments Limited,,INE0N2P01017,EQ,688.4,1.4261,,69.3481,71.432,77.56,9.3393,50.0904,0.8675,1.4261,1.0,829.6,2026-09-11,-17.02,20.55,0,0.0,HAAN
90,AEGISLOG,Aegis Logistics Limited,Oil Gas & Consumable Fuels,INE208C01025,EQ,1395.9,1.4188,,80.3721,66.69,136.8944,0.8817,47.0058,0.8046,1.4188,1.0,1486.0,2026-09-21,-6.06,164.37,0,0.0,HAAN
91,ENTERO,Entero Healthcare Solutions Limited,Consumer Services,INE010601016,EQ,1721.6,1.4112,,55.7586,55.9049,37.8272,42.2692,39.6157,0.6024,1.4112,1.0,1898.4,2026-09-07,-9.31,41.35,0,0.0,HAAN
92,VEDL,Vedanta Limited,Metals & Mining,INE205A01025,EQ,265.6,1.4035,,53.7387,51.8925,3.2116,-3.4357,36.9747,0.502,1.4035,1.0,354.7,2026-05-27,-25.12,295.56,0,0.0,HAAN
93,ADANIENSOL,Adani Energy Solutions Limited,Power,INE931S01010,EQ,1350.1,1.369,,50.9841,53.7607,43.3836,-18.2253,39.2701,0.5877,1.369,1.0,4105.4,2022-09-15,-67.11,424.26,0,0.0,HAAN
94,PRIVISCL,Privi Speciality Chemicals Limited,Chemicals,INE959A01019,EQ,3504.9,1.3624,,44.9384,47.1791,19.1697,-3.693,34.6303,0.4123,1.3624,1.0,3750.8,2026-07-02,-6.56,29.73,0,0.0,HAAN
95,VIJAYA,Vijaya Diagnostic Centre Limited,Healthcare,INE043W01024,EQ,1466.7,1.3513,,40.9746,43.6197,63.5026,9.5043,32.2795,0.3266,1.3513,1.0,1570.7,2026-09-23,-6.62,26.91,0,0.0,HAAN
96,EMCURE,Emcure Pharmaceuticals Limited,Healthcare,INE168P01015,EQ,1922.4,1.3475,,44.9992,43.7691,24.2181,4.2799,32.4827,0.3373,1.3475,1.0,2009.6,2026-08-12,-4.34,32.09,0,0.0,HAAN
97,SSWL,Steel Strips Wheels Limited,,INE802C01033,EQ,424.7,1.3399,,80.0721,56.0154,124.4122,75.4669,41.8048,0.6653,1.3399,1.0,424.7,2026-10-06,0.0,63.77,0,0.0,HAAN
98,GLAND,Gland Pharma Limited,Healthcare,INE068V01023,EQ,3006.1,1.339,,52.3773,43.6152,78.0232,17.8863,32.574,0.3387,1.339,1.0,4316.25,2021-08-12,-30.35,178.24,0,0.0,HAAN
99,KARURVYSYA,Karur Vysya Bank Limited,Financial Services,INE036D01028,EQ,325.2,1.3008,,54.9457,46.508,19.2738,6.8507,35.7526,0.4538,1.3008,1.0,354.35,2026-08-26,-8.23,116.26,0,0.0,HAAN
100,WSTCSTPAPR,West Coast Paper Mills Limited,,INE976A01021,EQ,753.05,1.2984,,59.3251,47.9316,74.3373,41.2057,36.9155,0.4993,1.2984,1.0,782.95,2024-01-30,-3.82,18.75,0,0.0,HAAN
101,GESHIP,The Great Eastern Shipping Company Limited,Services,INE017A01032,EQ,1532.6,1.2849,,50.5501,44.7082,6.4601,10.665,34.7962,0.4217,1.2849,1.0,1719.6,2026-05-21,-10.87,129.79,0,0.0,HAAN
102,IOLCP,IOL Chemicals and Pharmaceuticals Limited,,INE485C01029,EQ,214.9,1.2822,,94.1107,65.1578,178.0437,30.2109,50.816,0.8795,1.2822,1.0,214.9,2026-10-06,0.0,82.16,0,0.0,HAAN
103,POWERINDIA,Hitachi Energy India Limited,Capital Goods,INE07Y701011,EQ,31640.0,1.2815,,64.7659,56.1484,24.9358,-0.8617,43.8138,0.7175,1.2815,1.0,38445.0,2026-05-29,-17.7,373.68,0,0.0,HAAN
104,AUBANK,AU Small Finance Bank Limited,Financial Services,INE949L01017,EQ,1028.0,1.276,,38.6192,38.3033,18.3991,-3.6461,30.0178,0.257,1.276,1.0,1128.6,2026-08-25,-8.91,162.8,0,0.0,HAAN
105,VENUSPIPES,Venus Pipes & Tubes Limited,,INE0JA001018,EQ,2240.3,1.2739,,61.0221,56.6591,127.4763,21.3992,44.4767,0.7323,1.2739,1.0,2429.9,2024-08-30,-7.8,36.38,0,0.0,HAAN
106,SGFIN,SG Finserve Limited,,INE618R01015,EQ,662.15,1.2501,,83.6755,53.2814,46.3638,-1.9473,42.6225,0.6881,1.2501,1.0,709.85,2026-08-06,-6.72,33.07,0,0.0,HAAN
107,GAEL,Gujarat Ambuja Exports Limited,Fast Moving Consumer Goods,INE036B01030,EQ,162.81,1.2463,,51.9884,45.3796,16.0029,0.9236,36.4106,0.4819,1.2463,1.0,205.9,2024-02-26,-20.93,22.63,0,0.0,HAAN
108,KRN,KRN Heat Exchanger and Refrigeration Limited,Capital Goods,INE0Q3J01015,EQ,1462.3,1.2185,,70.8793,59.1511,68.4969,18.3091,48.5445,0.8273,1.2185,1.0,1660.2,2026-09-08,-11.92,27.06,0,0.016,HAAN
109,HSCL,Himadri Speciality Chemical Limited,Chemicals,INE019C01026,EQ,668.55,1.2108,,44.6139,42.5881,49.18,3.8847,35.173,0.4297,1.2108,1.0,800.9,2026-07-21,-16.53,460.38,0,0.0,HAAN
110,TATVA,Tatva Chintan Pharma Chem Limited,,INE0GK401011,EQ,1877.4,1.2091,,77.8683,61.9915,69.2876,51.3666,51.2717,0.8849,1.2091,1.0,2877.95,2021-11-02,-34.77,27.16,0,0.0,HAAN
111,CEIGALL,Ceigall India Limited,Construction,INE0AG901020,EQ,376.2,1.2083,,38.6299,36.7643,36.2303,-0.7519,30.4253,0.2691,1.2083,1.0,404.25,2024-08-27,-6.94,15.36,0,0.0,HAAN
112,ENGINERSIN,Engineers India Limited,Construction,INE510A01028,EQ,313.3,1.1826,,57.5559,51.3136,56.2204,29.3559,43.3917,0.7055,1.1826,1.0,315.65,2026-09-25,-0.74,126.78,0,0.0,HAAN
113,MUFIN,Mufin Green Finance Limited,,INE08KJ01020,EQ,135.17,1.1688,,56.8825,42.0185,35.2512,2.4248,35.9493,0.4605,1.1688,1.0,269.3,2024-02-07,-49.81,12.54,0,0.0,HAAN
114,ACMESOLAR,Acme Solar Holdings Limited,Power,INE622W01025,EQ,448.2,1.1636,,59.587,44.1172,63.1895,22.0754,37.9139,0.5301,1.1636,1.0,458.65,2026-09-22,-2.28,90.29,0,0.0,HAAN
115,MAHABANK,Bank of Maharashtra,Financial Services,INE457A01014,EQ,80.8,1.1503,,46.0329,41.198,26.4674,-2.8729,35.8162,0.4552,1.1503,1.0,93.85,2026-06-29,-13.91,123.89,0,0.0,HAAN
116,NYKAA,FSN E-Commerce Ventures Limited,Consumer Services,INE388Y01029,EQ,338.2,1.1418,,43.0263,32.3547,37.4909,7.297,28.3372,0.1847,1.1418,1.0,415.52,2021-12-01,-18.61,185.07,0,0.0,HAAN
117,ASTRAMICRO,Astra Microwave Products Limited,Capital Goods,INE386C01029,EQ,1705.9,1.1358,,56.0465,46.553,79.0689,-4.2812,40.986,0.6479,1.1358,1.0,1861.6,2026-07-31,-8.36,76.33,0,0.0,HAAN
118,PTCIL,PTC Industries Limited,Capital Goods,INE596F01018,EQ,23125.0,1.0986,,49.3284,39.7409,57.0352,32.8336,36.1744,0.4752,1.0986,1.0,23830.0,2026-09-04,-2.96,62.63,0,0.0,HAAN
119,BSE,BSE Limited,Financial Services,INE118H01025,EQ,3305.0,1.077,,61.7482,40.9043,15.908,-10.2731,37.9782,0.5328,1.077,1.0,4403.3,2026-05-26,-24.94,1477.51,0,0.0,HAAN
120,PANAMAPET,Panama Petrochem Limited,,INE305C01029,EQ,504.1,1.0744,,76.4129,53.7083,88.1743,16.3666,49.9878,0.8594,1.0744,1.0,545.5,2026-08-11,-7.59,27.47,0,0.0,HAAN
121,SAIL,Steel Authority of India Limited,Metals & Mining,INE114A01011,EQ,178.1,1.0607,,30.4571,38.3091,14.7847,7.5094,36.1159,0.4699,1.0607,1.0,206.06,2026-05-27,-13.57,335.26,0,0.0,HAAN
122,APLAPOLLO,APL Apollo Tubes Limited,Capital Goods,INE702C01027,EQ,2152.0,1.0536,,27.4655,29.4714,13.3109,18.2548,27.9734,0.17,1.0536,1.0,2280.8,2026-02-11,-5.65,131.22,0,0.0,HAAN
123,NEOGEN,Neogen Chemicals Limited,Chemicals,INE136S01016,EQ,2429.2,1.0488,,59.3022,52.417,103.3144,24.224,49.979,0.8581,1.0488,1.0,2488.4,2026-09-18,-2.38,44.36,0,0.0,HAAN
124,VOLTAMP,Voltamp Transformers Limited,Capital Goods,INE540H01012,EQ,10539.0,1.0295,,47.6774,42.0388,14.9229,8.6271,40.8326,0.6426,1.0295,1.0,14472.8,2024-08-22,-27.18,41.43,0,0.0,HAAN
125,LLOYDSME,Lloyds Metals And Energy Limited,Metals & Mining,INE281B01032,EQ,1858.2,1.0218,,45.5585,37.7053,33.8472,5.8442,36.9022,0.498,1.0218,1.0,2101.2,2026-08-07,-11.56,94.59,0,0.0,HAAN
126,DATAPATTNS,Data Patterns (India) Limited,Capital Goods,INE0IX101010,EQ,4299.2,1.0189,,56.1755,50.921,40.7129,-2.222,49.9763,0.8568,1.0189,1.0,4932.3,2026-09-08,-12.84,371.03,0,0.0,HAAN
127,GOODLUCK,Goodluck India Limited,,INE127I01024,EQ,491.3,1.01,,23.6078,44.0927,40.9352,-0.5533,43.6555,0.7149,1.01,1.0,543.13,2026-07-13,-9.54,35.23,0,0.0,HAAN
128,YATHARTH,Yatharth Hospital & Trauma Care Services Limited,Healthcare,INE0JO301016,EQ,1058.8,1.0027,,35.5698,39.4235,57.6651,28.029,39.3191,0.589,1.0027,1.0,1162.2,2026-09-23,-8.9,53.02,0,0.0,HAAN
129,UNIMECH,Unimech Aerospace and Manufacturing Limited,Capital Goods,INE0U3I01011,EQ,1873.1,0.9982,,75.7459,47.8683,155.853,59.8617,47.9557,0.822,0.9982,1.0,1873.1,2026-10-06,0.0,39.21,0,0.0,HAAN
130,CUB,City Union Bank Limited,Financial Services,INE491A01021,EQ,223.75,0.9912,,40.2931,38.7954,24.0523,-1.8511,39.1397,0.5837,0.9912,1.0,238.48,2026-09-07,-6.18,67.07,0,0.0,HAAN
131,PRICOLLTD,Pricol Limited,Automobile and Auto Components,INE726V01018,EQ,677.65,0.9899,,27.4617,38.0189,27.8947,8.8245,38.4054,0.5448,0.9899,1.0,806.55,2026-08-17,-15.98,37.3,0,0.0,HAAN
132,UJJIVANSFB,Ujjivan Small Finance Bank Limited,Financial Services,INE551W01018,EQ,65.19,0.987,,44.9633,38.6289,17.629,5.7936,39.1394,0.5823,0.987,1.0,72.47,2026-08-14,-10.05,125.18,0,0.0,HAAN
133,CGCL,Capri Global Capital Limited,Financial Services,INE180C01042,EQ,246.88,0.9865,,30.943,34.243,48.4278,3.9626,34.7113,0.419,0.9865,1.0,289.25,2024-03-05,-14.65,128.8,0,0.0,HAAN
134,VARROC,Varroc Engineering Limited,,INE665L01035,EQ,814.45,0.9837,,28.7058,34.8835,66.2143,25.0787,35.4632,0.4431,0.9837,1.0,1151.95,2018-09-03,-29.3,45.64,0,0.0,HAAN
135,LLOYDSENGG,LLOYDS ENGINEERING WORKS LIMITED,Capital Goods,INE093R01011,EQ,101.15,0.9809,,66.2558,49.6025,140.3184,18.1797,50.5699,0.8742,0.9809,1.0,102.2,2026-10-05,-1.03,108.03,0,0.0,HAAN
136,STARHEALTH,Star Health and Allied Insurance Company Limited,Financial Services,INE575P01011,EQ,550.55,0.9761,,20.7611,23.1747,17.1632,-6.6469,23.7423,0.0643,0.9761,1.0,906.85,2021-12-10,-39.29,39.05,0,0.0,HAAN
137,ABCAPITAL,Aditya Birla Capital Limited,Financial Services,INE674K01013,EQ,378.9,0.9753,,32.2513,31.5572,27.0411,-6.5368,32.3577,0.3307,0.9753,1.0,424.7,2026-08-05,-10.78,133.01,0,0.0,HAAN
138,CEMPRO,Cemindia Projects Limited,Construction,INE686A01026,EQ,1159.8,0.9675,,41.7502,49.5938,115.0366,-22.3695,51.2583,0.8835,0.9675,1.0,1639.6,2026-07-21,-29.26,57.56,0,0.0,HAAN
139,NAZARA,Nazara Technologies Limited,Media Entertainment & Publication,INE418L01047,EQ,379.55,0.9556,,36.0394,37.132,61.5656,25.9917,38.8563,0.5703,0.9556,1.0,400.28,2021-10-11,-5.18,79.66,0,0.0,HAAN
140,HINDALCO,Hindalco Industries Limited,Metals & Mining,INE038A01020,EQ,940.5,0.9548,,26.1316,27.4278,2.6467,-2.9912,28.7272,0.2041,0.9548,1.0,1149.7,2026-05-27,-18.2,425.74,0,0.0,HAAN
141,GRAPHITE,Graphite India Limited,Capital Goods,INE371A01025,EQ,851.2,0.951,,49.0979,41.3034,33.4692,41.0439,43.4321,0.7068,0.951,1.0,1106.95,2018-08-10,-23.1,175.54,0,0.0,HAAN
142,THELEELA,Leela Palaces Hotels & Resorts Limited,Consumer Services,INE0AQ201015,EQ,582.7,0.9405,,35.1815,29.4507,40.1058,19.4914,31.3139,0.3039,0.9405,1.0,582.7,2026-10-06,0.0,26.46,0,0.0,HAAN
143,THYROCARE,Thyrocare Technologies Limited,Healthcare,INE594H01019,EQ,529.8,0.9356,,32.5052,37.6831,44.7541,-0.4135,40.2753,0.6225,0.9356,1.0,649.35,2026-08-11,-18.41,42.37,0,0.0,HAAN
144,ABB,ABB India Limited,Capital Goods,INE117A01022,EQ,7122.5,0.9292,,36.9527,28.2653,15.9639,2.0708,30.4173,0.2664,0.9292,1.0,9020.0,2024-06-14,-21.04,205.86,0,0.0,HAAN
145,NEULANDLAB,Neuland Laboratories Limited,Healthcare,INE794A01010,EQ,21905.0,0.9167,,47.6974,35.0721,76.1843,15.8995,38.2603,0.5382,0.9167,1.0,23995.0,2026-09-08,-8.71,141.0,0,0.0,HAAN
146,WELENT,Welspun Enterprises Limited,Construction,INE625G01013,EQ,718.3,0.9146,,39.2729,33.8273,63.7338,17.6769,36.9842,0.5033,0.9146,1.0,823.35,2026-09-18,-12.76,43.33,0,0.0,HAAN
147,GVT&D,GE Vernova T&D India Limited,Capital Goods,INE200A01026,EQ,4245.1,0.912,,43.6631,40.7616,11.0643,-4.4069,44.6934,0.7376,0.912,1.0,5533.5,2026-06-19,-23.28,387.46,0,0.0,HAAN
148,DEEPINDS,Deep Industries Limited,,INE0FHS01024,EQ,748.95,0.9066,,43.4221,41.9593,70.662,68.1711,46.2815,0.7912,0.9066,1.0,818.7,2026-09-08,-8.52,37.86,0,0.0,HAAN
149,SUPRIYA,Supriya Lifescience Limited,Healthcare,INE07RO01027,EQ,915.35,0.9002,,23.479,42.9557,49.5181,8.6598,47.7155,0.8193,0.9002,1.0,1052.5,2026-06-01,-13.03,27.72,0,0.0,HAAN
150,BAJAJ-AUTO,Bajaj Auto Limited,Automobile and Auto Components,INE917I01010,EQ,10017.0,0.8948,,13.2824,21.4766,14.3689,-0.915,24.0013,0.0696,0.8948,1.0,12666.4,2024-09-27,-20.92,373.55,0,0.0,HAAN
151,REDINGTON,Redington Limited,Services,INE891D01026,EQ,405.7,0.8911,,50.9132,40.5046,101.7304,47.7691,45.457,0.7671,0.8911,1.0,412.75,2026-10-05,-1.71,249.5,0,0.0,HAAN
152,J&KBANK,The Jammu & Kashmir Bank Limited,Financial Services,INE168A01041,EQ,139.5,0.8841,,35.7268,36.0463,22.8426,-14.7883,40.7721,0.6399,0.8841,1.0,192.65,2026-07-10,-27.59,68.71,0,0.0,HAAN
153,ROLEXRINGS,Rolex Rings Limited,,INE645S01024,EQ,188.18,0.8802,,39.5476,39.3832,59.2047,33.3381,44.7447,0.7403,0.8802,1.0,265.04,2024-09-27,-29.0,62.97,0,0.0,HAAN
154,GMMPFAUDLR,GMM Pfaudler Limited,,INE541A01023,EQ,1425.7,0.8689,,33.044,30.8087,67.5422,85.7953,35.4562,0.4418,0.8689,1.0,2161.5,2020-08-11,-34.04,45.2,0,0.0,HAAN
155,VADILALIND,Vadilal Industries Limited,,INE694D01016,EQ,7309.5,0.864,,30.6901,31.5579,70.1506,12.5924,36.5268,0.4873,0.864,1.0,7900.0,2026-08-28,-7.47,17.98,0,0.0,HAAN
156,MINDACORP,Minda Corporation Limited,Automobile and Auto Components,INE842C01021,EQ,659.6,0.8539,,14.7031,26.6347,31.5517,-3.8834,31.1923,0.3012,0.8539,1.0,745.25,2026-08-18,-11.49,28.8,0,0.0,HAAN
157,SOLARINDS,Solar Industries India Limited,Chemicals,INE343H01029,EQ,20071.0,0.8515,,41.8646,31.0118,53.1086,9.8697,36.4211,0.4833,0.8515,1.0,22455.0,2026-09-08,-10.62,353.47,0,0.0,HAAN
158,SHAREINDIA,Share India Securities Limited,Financial Services,INE932X01026,EQ,211.4,0.8499,,58.6253,43.9145,63.5084,28.1911,51.6709,0.8942,0.8499,1.0,399.49,2024-02-26,-47.08,97.4,0,0.0,HAAN
159,PAYTM,One 97 Communications Limited,Financial Services,INE982J01020,EQ,1694.0,0.8407,,48.4142,33.0676,68.3897,35.9551,39.3342,0.5904,0.8407,1.0,1849.9,2026-09-18,-8.43,679.55,0,0.0,HAAN
160,WOCKPHARMA,Wockhardt Limited,Healthcare,INE049B01025,EQ,2176.4,0.8378,,47.4426,43.3082,71.1679,17.1745,51.6937,0.8956,0.8378,1.0,2329.7,2026-09-23,-6.58,185.58,0,0.0,HAAN
161,IIFL,IIFL Finance Limited,Financial Services,INE530B01024,EQ,601.7,0.8261,,37.9413,33.0701,38.3536,14.7188,40.0325,0.6145,0.8261,1.0,696.4,2026-08-24,-13.6,153.53,0,0.0,HAAN
162,STAR,Strides Pharma Science Limited,Healthcare,INE939A01011,EQ,1088.7,0.8191,,29.6998,31.4834,12.1042,-3.5012,38.4358,0.5475,0.8191,1.0,1235.1,2026-09-21,-11.85,39.35,0,0.0,HAAN
163,BALRAMCHIN,Balrampur Chini Mills Limited,Fast Moving Consumer Goods,INE119A01028,EQ,691.3,0.809,,45.9517,31.8547,41.269,20.9306,39.3734,0.5944,0.809,1.0,767.1,2026-08-20,-9.88,219.21,0,0.0,HAAN
164,INDUSINDBK,IndusInd Bank Limited,Financial Services,INE095A01012,EQ,906.1,0.8085,,22.322,23.693,16.3606,-11.3622,29.3054,0.2276,0.8085,1.0,2023.05,2018-08-02,-55.21,185.85,0,0.0,HAAN
165,SHANTIGOLD,Shanti Gold International Limited,,INE06ZD01017,EQ,336.65,0.8072,,57.0123,39.8035,98.8717,54.5684,49.3109,0.8454,0.8072,1.0,336.65,2026-10-06,0.0,76.7,0,0.0,HAAN
166,PNBHOUSING,PNB Housing Finance Limited,Financial Services,INE572E01012,EQ,1102.1,0.8052,,21.4101,25.9724,40.5023,-0.6849,32.255,0.3253,0.8052,1.0,1687.6,2017-08-30,-34.69,106.58,0,0.0,HAAN
167,ADANIPORTS,Adani Ports and Special Economic Zone Limited,Services,INE742F01042,EQ,1783.4,0.7997,,26.7339,23.4216,29.457,-2.7537,29.2889,0.2236,0.7997,1.0,1883.2,2026-07-02,-5.3,371.54,0,0.0,HAAN
168,NUVAMA,Nuvama Wealth Management Limited,Financial Services,INE531F01023,EQ,1838.8,0.781,,52.4078,28.0918,60.9312,-4.0843,35.9708,0.4632,0.781,1.0,1980.1,2026-07-24,-7.14,83.96,0,0.0,HAAN
169,NAM-INDIA,Nippon Life India Asset Management Limited,Financial Services,INE298J01013,EQ,1073.5,0.78,,25.051,30.3892,29.3529,-9.9866,38.9615,0.5743,0.78,1.0,1251.0,2026-08-21,-14.19,126.81,0,0.0,HAAN
170,PHOENIXLTD,The Phoenix Mills Limited,Realty,INE211B01039,EQ,1883.5,0.7673,,20.5286,20.0467,23.492,-9.2333,26.125,0.1098,0.7673,1.0,2154.0,2026-07-13,-12.56,101.4,0,0.0,HAAN
171,MSTCLTD,Mstc Limited,Services,INE255X01014,EQ,714.3,0.7632,,42.518,36.1572,75.3529,4.8514,47.3738,0.8112,0.7632,1.0,1107.45,2024-01-30,-35.5,23.65,0,0.0,HAAN
172,ABDL,Allied Blenders and Distillers Limited,Fast Moving Consumer Goods,INE552Z01027,EQ,714.65,0.7627,,36.5008,31.4408,68.6092,4.1764,41.222,0.6533,0.7627,1.0,723.45,2026-09-28,-1.22,41.38,0,0.0,HAAN
173,CARBORUNIV,Carborundum Universal Limited,Capital Goods,INE120A01034,EQ,1269.6,0.7618,,33.4946,26.3787,48.6651,14.7817,34.6264,0.411,0.7618,1.0,1800.8,2024-06-19,-29.5,40.46,0,0.0,HAAN
174,NATIONALUM,National Aluminium Company Limited,Metals & Mining,INE139A01034,EQ,337.25,0.7555,,64.0241,63.2367,-16.0652,-1.5472,41.8526,0.6693,1.5109,0.5,441.5,2026-04-28,-23.61,244.23,0,0.0,HAAN
175,ASTERDM,Aster DM Quality Care Limited,Healthcare,INE914M01019,EQ,684.7,0.7535,,6.5598,21.7381,4.0419,-13.2358,28.8482,0.2088,0.7535,1.0,869.7,2026-08-07,-21.27,195.61,0,0.0,HAAN
176,VTL,Vardhman Textiles Limited,Textiles,INE825A01020,EQ,549.4,0.7493,,32.8176,24.0647,2.3854,-14.8283,32.1146,0.324,0.7493,1.0,666.25,2026-07-03,-17.54,42.88,0,0.0,HAAN
177,AIAENG,AIA Engineering Limited,Capital Goods,INE212H01026,EQ,3914.7,0.7285,,26.3214,22.4702,6.4935,-17.6979,30.8442,0.2865,0.7285,1.0,5081.4,2026-06-30,-22.96,26.22,0,0.0,HAAN
178,MARICO,Marico Limited,Fast Moving Consumer Goods,INE196A01026,EQ,794.15,0.7044,,12.8695,12.9906,4.3081,-6.3116,18.441,0.0027,0.7044,1.0,885.35,2026-07-30,-10.3,144.33,0,0.0,HAAN
179,RATEGAIN,Rategain Travel Technologies Limited,Information Technology,INE0CLI01024,EQ,854.45,0.6998,,28.9444,29.8903,73.1408,-9.9157,42.7107,0.6908,0.6998,1.0,990.05,2026-08-21,-13.7,40.67,0,0.0,HAAN
180,WABAG,VA Tech Wabag Limited,Utilities,INE956G01038,EQ,2006.9,0.6967,,36.6074,28.9422,61.899,-8.9098,41.541,0.66,0.6967,1.0,2277.9,2026-09-11,-11.9,140.79,0,0.0,HAAN
181,ASIANENE,Asian Energy Services Limited,,INE276G01015,EQ,463.75,0.6961,,33.2998,34.0353,79.6715,41.0003,48.8974,0.8313,0.6961,1.0,553.55,2026-09-08,-16.22,23.5,0,0.0,HAAN
182,JINDALSAW,Jindal Saw Limited,Capital Goods,INE324A01032,EQ,282.4,0.6919,,33.9277,31.9713,47.2444,7.9717,46.2082,0.7885,0.6919,1.0,373.88,2024-09-24,-24.47,62.47,0,0.0,HAAN
183,JAMNAAUTO,Jamna Auto Industries Limited,Automobile and Auto Components,INE039C01032,EQ,144.21,0.688,,40.5967,29.6936,24.2761,6.5224,43.1594,0.6988,0.688,1.0,148.25,2026-02-26,-2.73,32.61,0,0.0,HAAN
184,ASKAUTOLTD,ASK Automotive Limited,,INE491J01022,EQ,609.75,0.6837,,6.5066,24.9952,39.6907,30.3024,36.5561,0.4886,0.6837,1.0,678.8,2026-08-06,-10.17,49.64,0,0.0,HAAN
185,QUESS,Quess Corp Limited,Services,INE615P01015,EQ,334.45,0.6743,,30.9002,25.055,86.948,11.7627,37.1594,0.5087,0.6743,1.0,596.59,2018-06-12,-43.94,30.32,0,0.0,HAAN
186,ZYDUSLIFE,Zydus Lifesciences Limited,Healthcare,INE010B01027,EQ,1159.5,0.6735,,13.7601,15.9517,34.1626,0.5637,23.6856,0.0602,0.6735,1.0,1300.9,2024-08-09,-10.87,171.51,0,0.0,HAAN
187,HEGAM,HEG Advanced Materials Limited,Capital Goods,INE545A01024,EQ,252.21,0.6714,,35.3834,29.5867,28.4419,32.9626,44.067,0.7229,0.6714,1.0,338.92,2018-10-16,-25.58,121.04,0,0.0,HAAN
188,CAPLIPOINT,Caplin Point Laboratories Limited,Healthcare,INE475E01026,EQ,2679.7,0.6691,,22.7194,22.9378,71.1394,4.3985,34.2806,0.3989,0.6691,1.0,2867.4,2026-09-24,-6.55,48.4,0,0.0,HAAN
189,HINDZINC,Hindustan Zinc Limited,Metals & Mining,INE267A01025,EQ,557.65,0.6677,,19.4751,25.9756,8.1241,4.9991,38.9058,0.5716,0.6677,1.0,772.3,2024-05-22,-27.79,285.63,0,0.0,HAAN
190,APOLLOHOSP,Apollo Hospitals Enterprise Limited,Healthcare,INE437A01024,EQ,7914.5,0.6633,,3.8103,12.8591,8.1585,-10.4391,19.3852,0.0054,0.6633,1.0,9069.0,2026-09-23,-12.73,341.2,0,0.0,HAAN
191,USHAMART,Usha Martin Limited,Capital Goods,INE228A01035,EQ,516.7,0.6569,,15.1549,22.1594,27.4072,1.8831,33.7348,0.3842,0.6569,1.0,535.05,2026-09-23,-3.43,38.15,0,0.0,HAAN
192,SCHNEIDER,Schneider Electric Infrastructure Limited,Capital Goods,INE839M01018,EQ,1274.0,0.6558,,48.1998,32.0736,40.6103,-14.6456,48.9067,0.834,0.6558,1.0,1501.0,2026-07-06,-15.12,45.35,0,0.032,HAAN
193,JGCHEM,J.G.Chemicals Limited,,INE0MB501011,EQ,665.45,0.6506,,55.4427,31.0396,97.2873,55.6244,47.7078,0.8179,0.6506,1.0,665.45,2026-10-06,0.0,42.03,0,0.0,HAAN
194,CUMMINSIND,Cummins India Limited,Capital Goods,INE298A01020,EQ,4919.0,0.647,,23.6893,18.3858,5.8646,-10.0978,28.4149,0.1901,0.647,1.0,6027.5,2026-05-27,-18.39,233.56,0,0.0,HAAN
195,MANORAMA,Manorama Industries Limited,Fast Moving Consumer Goods,INE00VM01036,EQ,1985.6,0.647,,36.8813,28.7519,62.7941,30.1777,44.4404,0.7296,0.647,1.0,2132.9,2026-09-08,-6.91,82.29,0,0.0,HAAN
196,APOLLOPIPE,Apollo Pipes Limited,,INE126J01016,EQ,529.8,0.6454,,43.7525,30.5938,21.8071,12.0085,47.4013,0.8139,0.6454,1.0,779.6,2024-02-09,-32.04,18.19,0,0.0,HAAN
197,LALPATHLAB,Dr. Lal Path Labs Ltd.,Healthcare,INE600L01024,EQ,1964.2,0.6432,,20.4624,18.2261,47.8287,16.861,28.3354,0.1834,0.6432,1.0,2104.3,2021-09-15,-6.66,65.6,0,0.0,HAAN
198,FLUOROCHEM,Gujarat Fluorochemicals Limited,Chemicals,INE09N301011,EQ,4577.2,0.6417,,21.0099,19.6602,42.8812,15.5713,30.6392,0.2784,0.6417,1.0,4812.65,2024-10-21,-4.89,83.7,0,0.0,HAAN
199,ADANIGREEN,Adani Green Energy Limited,Power,INE364U01010,EQ,1313.0,0.6253,,21.6248,26.162,53.3879,-13.5616,41.839,0.668,0.6253,1.0,2970.5,2022-04-18,-55.8,270.1,0,0.0,HAAN
200,GNFC,Gujarat Narmada Valley Fertilizers and Chemicals Limited,Chemicals,INE113A01013,EQ,629.5,0.6236,,25.336,20.2344,57.8881,22.602,32.4487,0.336,0.6236,1.0,902.85,2022-04-05,-30.28,45.67,0,0.0,HAAN
201,BOSCHLTD,Bosch Limited,Automobile and Auto Components,INE323A01026,EQ,45000.0,0.6201,,16.8073,17.8889,40.0342,7.3089,28.8477,0.2075,0.6201,1.0,50000.0,2026-08-31,-10.0,154.88,0,0.0,HAAN
202,RKFORGE,Ramkrishna Forgings Limited,Automobile and Auto Components,INE399G01023,EQ,732.65,0.6128,,35.7262,21.8439,45.6561,29.3292,35.6454,0.4498,0.6128,1.0,1047.9,2024-10-15,-30.08,95.23,0,0.0,HAAN
203,SANDHAR,Sandhar Technologies Limited,,INE278H01035,EQ,558.1,0.5971,,20.345,25.9668,20.9711,-17.7693,43.4873,0.7095,0.5971,1.0,734.65,2026-06-11,-24.03,13.06,0,0.0,HAAN
204,DHAMPURSUG,Dhampur Sugar Mills Limited,,INE041A01016,EQ,188.81,0.5915,,38.019,23.0166,36.5319,31.9335,38.9136,0.573,0.5915,1.0,504.54,2022-04-22,-62.58,16.52,0,0.0,HAAN
205,AARTIIND,Aarti Industries Limited,Chemicals,INE769A01020,EQ,481.15,0.5897,,26.4853,21.9238,17.7269,0.5643,37.1803,0.51,0.5897,1.0,1009.36,2021-10-18,-52.33,53.85,0,0.0,HAAN
206,SHYAMMETL,Shyam Metalics and Energy Limited,Capital Goods,INE810G01011,EQ,1054.0,0.5873,,14.5216,16.7659,32.9717,9.609,28.5456,0.1981,0.5873,1.0,1105.8,2026-09-23,-4.68,60.55,0,0.0,HAAN
207,SUNPHARMA,Sun Pharmaceutical Industries Limited,Healthcare,INE044A01036,EQ,1804.1,0.5859,,10.8578,11.4885,6.5246,-5.217,19.609,0.0094,0.5859,1.0,2001.1,2026-07-30,-9.84,373.87,0,0.0,HAAN
208,ANGELONE,Angel One Limited,Financial Services,INE732I01021,EQ,295.0,0.58,,34.4025,23.2345,22.4829,-12.1501,40.0563,0.6158,0.58,1.0,387.57,2024-01-15,-23.88,177.85,0,0.0,HAAN
209,TI,Tilaknagar Industries Limited,Fast Moving Consumer Goods,INE133E01013,EQ,547.8,0.5772,,19.777,19.9338,28.8941,21.4365,34.5338,0.4096,0.5772,1.0,601.5,2026-09-23,-8.93,50.08,0,0.0,HAAN
210,TVSMOTOR,TVS Motor Company Limited,Automobile and Auto Components,INE494B01023,EQ,3981.0,0.571,,16.7997,15.4627,17.3852,7.2265,27.0787,0.1406,0.571,1.0,4466.2,2026-08-10,-10.86,416.23,0,0.0,HAAN
211,EMIL,Electronics Mart India Limited,Consumer Services,INE02YR01019,EQ,201.42,0.5695,,33.2407,25.9484,112.6927,50.6394,45.5628,0.7697,0.5695,1.0,242.75,2024-06-12,-17.03,120.26,0,0.0,HAAN
212,ELGIEQUIP,Elgi Equipments Limited,Capital Goods,INE285A01027,EQ,599.25,0.5606,,20.9384,18.3849,24.9218,1.7402,32.7977,0.3494,0.5606,1.0,769.2,2024-06-24,-22.09,29.73,0,0.0,HAAN
213,NESTLEIND,Nestle India Limited,Fast Moving Consumer Goods,INE239A01024,EQ,1341.4,0.5478,,14.3076,11.3225,12.5997,-8.8599,20.6691,0.0161,0.5478,1.0,1540.0,2026-08-07,-12.9,257.16,0,0.0,HAAN
214,SHAILY,Shaily Engineering Plastics Limited,Consumer Durables,INE151G01028,EQ,3100.3,0.5463,,35.9423,27.3563,48.8168,10.8239,50.0785,0.8648,0.5463,1.0,3457.9,2026-08-11,-10.34,58.29,0,0.0,HAAN
215,ABSLAMC,Aditya Birla Sun Life AMC Limited,Financial Services,INE404A01024,EQ,1009.65,0.5446,,25.6565,20.5468,10.0856,-12.8259,37.7283,0.5234,0.5446,1.0,1199.0,2026-06-23,-15.79,26.53,0,0.0,HAAN
216,SCI,Shipping Corporation Of India Limited,Services,INE109A01011,EQ,289.0,0.5395,,24.0929,24.4112,26.4494,-0.5335,45.2446,0.7604,0.5395,1.0,345.65,2024-07-12,-16.39,77.05,0,0.0,HAAN
217,SAMBHV,Sambhv Steel Tubes Limited,,INE12NJ01018,EQ,162.19,0.5353,,38.1752,24.6056,60.7911,43.6708,45.9635,0.7778,0.5353,1.0,164.9,2026-09-30,-1.64,50.79,0,0.0,HAAN
218,EQUITASBNK,Equitas Small Finance Bank Limited,Financial Services,INE063P01018,EQ,67.96,0.535,,18.832,18.3578,25.2719,-14.2352,34.3143,0.4003,0.535,1.0,114.55,2024-01-05,-40.67,19.8,0,0.0,HAAN
219,OFSS,Oracle Financial Services Software Limited,Information Technology,INE881D01027,EQ,10482.0,0.5322,,17.6563,17.7112,49.9035,-5.542,33.2787,0.3708,0.5322,1.0,12945.45,2024-12-30,-19.03,340.6,0,0.0,HAAN
220,JSWSTEEL,JSW Steel Limited,Metals & Mining,INE019A01038,EQ,1259.6,0.5319,,9.6735,12.7553,10.3654,1.0591,23.98,0.0683,0.5319,1.0,1341.0,2026-08-26,-6.07,205.6,0,0.0,HAAN
221,AEGISVOPAK,Aegis Vopak Terminals Limited,Oil Gas & Consumable Fuels,INE0INX01018,EQ,293.35,0.5192,,20.5614,24.6087,72.925,-0.3296,47.3974,0.8126,0.5192,1.0,318.3,2026-09-21,-7.84,49.29,0,0.0,HAAN
222,BEPL,Bhansali Engineering Polymers Limited,,INE922A01025,EQ,128.63,0.5161,,25.1265,18.2384,47.7147,30.6419,35.3381,0.4364,0.5161,1.0,172.5,2024-09-04,-25.43,59.7,0,0.0,HAAN
223,MAHSEAMLES,Maharashtra Seamless Limited,,INE271B01025,EQ,685.7,0.511,,12.2902,13.4069,16.5364,13.7619,26.2374,0.1124,0.511,1.0,1064.8,2023-12-05,-35.6,19.01,0,0.0,HAAN
224,AGARWALEYE,Dr. Agarwal's Health Care Limited,,INE943P01029,EQ,486.85,0.5029,,0.5265,13.4107,16.7506,3.0261,26.6676,0.1245,0.5029,1.0,560.7,2026-08-10,-13.17,53.76,0,0.0,HAAN
225,VIYASH,Viyash Scientific Limited,Healthcare,INE807F01027,EQ,233.23,0.4971,,19.999,21.3556,21.626,-16.375,42.9636,0.6961,0.4971,1.0,323.6,2021-06-29,-27.93,116.75,0,0.0,HAAN
226,ADANIENT,Adani Enterprises Limited,Metals & Mining,INE423A01024,EQ,2849.9,0.4943,,10.6156,17.8643,55.3756,-8.2808,36.1402,0.4712,0.4943,1.0,4165.3,2022-12-20,-31.58,471.22,0,0.0,HAAN
227,IIFLCAPS,IIFL Capital Services Limited,Financial Services,INE489L01022,EQ,345.15,0.4864,,19.6568,18.7835,32.2161,1.8292,38.615,0.5609,0.4864,1.0,444.55,2024-10-18,-22.36,14.02,0,0.0,HAAN
228,SIEMENS,Siemens Limited,Capital Goods,INE003A01024,EQ,3854.0,0.4609,,22.105,14.0967,27.3376,10.2718,30.5845,0.2758,0.4609,1.0,4114.0,2026-08-24,-6.32,134.83,0,0.0,HAAN
229,SUNDRMFAST,Sundram Fasteners Limited,Automobile and Auto Components,INE387A01021,EQ,1140.3,0.4451,,12.767,11.7754,52.0603,22.5997,26.4556,0.1178,0.4451,1.0,1479.45,2024-10-16,-22.92,24.72,0,0.0,HAAN
230,EDELWEISS,Edelweiss Financial Services Limited,Financial Services,INE532F01054,EQ,135.53,0.4386,,17.2101,17.4049,27.9068,10.6729,39.6864,0.6091,0.4386,1.0,178.53,2018-05-29,-24.08,78.37,0,0.0,HAAN
231,IKS,Inventurus Knowledge Solutions Limited,Information Technology,INE115Q01022,EQ,1761.0,0.4269,,17.3374,14.7194,31.1341,-6.85,34.4781,0.4083,0.4269,1.0,2145.7,2024-12-26,-17.93,32.25,0,0.0,HAAN
232,GRASIM,Grasim Industries Limited,Construction Materials,INE047A01021,EQ,2969.0,0.4068,,6.8524,9.4206,15.7911,-6.9542,23.159,0.0495,0.4068,1.0,3380.5,2026-08-10,-12.17,272.42,0,0.0,HAAN
233,M&MFIN,Mahindra & Mahindra Financial Services Limited,Financial Services,INE774D01024,EQ,327.75,0.4041,,17.221,16.0168,14.9395,-1.3396,39.6331,0.6051,0.4041,1.0,528.15,2018-04-30,-37.94,136.09,0,0.0,HAAN
234,METROPOLIS,Metropolis Healthcare Limited,Healthcare,INE112L01020,EQ,552.65,0.404,,9.09,11.821,31.0373,-2.3845,29.2605,0.2222,0.404,1.0,868.68,2021-12-29,-36.38,14.84,0,0.0,HAAN
235,VINCOFE,Vintage Coffee And Beverages Limited,,INE498Q01014,EQ,187.21,0.3968,,22.8412,15.8257,40.8229,16.1641,39.8883,0.6118,0.3968,1.0,187.21,2026-10-06,0.0,42.35,0,0.0,HAAN
236,JAYNECOIND,Jayaswal Neco Industries Limited,Capital Goods,INE854B01010,EQ,94.45,0.3923,,31.6927,19.1818,19.5721,8.2894,48.9012,0.8327,0.3923,1.0,115.24,2026-05-04,-18.04,47.43,0,0.0,HAAN
237,UNIONBANK,Union Bank of India,Financial Services,INE692A01016,EQ,168.44,0.3859,,21.3807,25.7413,-2.0641,4.5692,33.3537,0.3735,0.7718,0.5,313.95,2011-06-27,-46.35,216.78,0,0.0,HAAN
238,GLENMARK,Glenmark Pharmaceuticals Limited,Healthcare,INE935A01035,EQ,2311.0,0.3792,,13.8031,10.3064,10.479,2.0354,27.1776,0.1446,0.3792,1.0,2515.0,2026-08-28,-8.11,128.43,0,0.0,HAAN
239,LTF,L&T Finance Limited,Financial Services,INE498L01015,EQ,264.4,0.3739,,8.334,13.5344,10.0062,-20.8857,36.2018,0.4766,0.3739,1.0,335.6,2026-07-06,-21.22,177.85,0,0.0,HAAN
240,OBEROIRLTY,Oberoi Realty Limited,Realty,INE093I01010,EQ,1751.8,0.3733,,9.4943,10.3606,16.2519,-8.1095,27.7571,0.1606,0.3733,1.0,2322.65,2024-12-26,-24.58,86.19,0,0.0,HAAN
241,IDFCFIRSTB,IDFC First Bank Limited,Financial Services,INE092T01019,EQ,81.56,0.3665,,16.6309,11.9527,35.4367,1.4049,32.609,0.3427,0.3665,1.0,99.2,2023-09-05,-17.78,170.14,0,0.0,HAAN
242,POLYCAB,Polycab India Limited,Capital Goods,INE455K01017,EQ,8147.0,0.3313,,9.9831,10.0867,18.4501,-13.339,30.445,0.2718,0.3313,1.0,10083.0,2026-06-19,-19.2,327.31,0,0.0,HAAN
243,ASHOKLEY,Ashok Leyland Limited,Capital Goods,INE208A01029,EQ,153.7,0.3268,,9.434,11.8622,3.5435,-6.3718,36.295,0.4793,0.3268,1.0,211.92,2026-02-26,-27.47,253.22,0,0.0,HAAN
244,3MINDIA,3M India Limited,,INE470A01017,EQ,30840.0,0.319,,6.639,10.0082,3.7162,-12.5355,31.3748,0.3066,0.319,1.0,40020.6,2024-07-09,-22.94,15.12,0,0.0,HAAN
245,SANDUMA,Sandur Manganese & Iron Ores Limited,Metals & Mining,INE149K01016,EQ,183.38,0.3006,,10.072,15.2201,0.1912,-10.2135,50.6315,0.8768,0.3006,1.0,264.71,2026-01-02,-30.72,12.9,0,0.0,HAAN
246,MRPL,Mangalore Refinery and Petrochemicals Limited,Oil Gas & Consumable Fuels,INE103A01014,EQ,174.72,0.299,,34.7109,29.5293,-4.0738,19.2709,49.3828,0.8474,0.598,0.5,286.1,2024-02-19,-38.93,276.63,0,0.0,HAAN
247,CGPOWER,CG Power and Industrial Solutions Limited,Capital Goods,INE067A01029,EQ,912.0,0.2984,,20.1423,10.2543,34.1078,0.1647,34.3648,0.4029,0.2984,1.0,976.5,2026-07-01,-6.61,263.91,0,0.0,HAAN
248,KPIL,Kalpataru Projects International Limited,Construction,INE220B01022,EQ,1451.5,0.2905,,15.6482,8.64,31.2268,7.288,29.7449,0.2463,0.2905,1.0,1451.5,2026-10-06,0.0,29.63,0,0.0,HAAN
249,OIL,Oil India Limited,Oil Gas & Consumable Fuels,INE274J01014,EQ,447.85,0.2767,,7.9677,17.2492,-6.7271,5.8372,31.1652,0.2999,0.5535,0.5,741.0,2024-08-30,-39.56,132.01,0,0.0,HAAN
250,UNITDSPR,United Spirits Limited,Fast Moving Consumer Goods,INE854D01024,EQ,1358.0,0.2742,,3.0662,6.6295,11.2021,-5.6551,24.1744,0.0723,0.2742,1.0,1688.55,2025-01-02,-19.58,123.31,0,0.0,HAAN
251,AXISBANK,Axis Bank Limited,Financial Services,INE238A01034,EQ,1248.0,0.2727,,6.9775,6.7873,4.1823,-6.9351,24.8876,0.0843,0.2727,1.0,1403.0,2026-02-25,-11.05,759.51,0,0.0,HAAN
252,CCL,CCL Products (India) Limited,Fast Moving Consumer Goods,INE421D01022,EQ,1054.9,0.2726,,17.446,17.3006,-3.4858,-11.5165,31.727,0.3173,0.5453,0.5,1229.7,2026-07-13,-14.21,18.47,0,0.0,HAAN
253,PVRINOX,PVR INOX Limited,Media Entertainment & Publication,INE191H01014,EQ,1249.4,0.2723,,12.589,8.6185,32.5764,24.6968,31.652,0.3119,0.2723,1.0,2192.95,2022-08-03,-43.03,65.39,0,0.0,HAAN
254,SBIN,State Bank of India,Financial Services,INE062A01020,EQ,958.75,0.2678,,11.3337,12.6002,-5.8572,-7.6438,23.5247,0.0549,0.5356,0.5,1227.8,2026-02-23,-21.91,960.19,0,0.0,HAAN
255,SANGHVIMOV,Sanghvi Movers Limited,,INE989A01032,EQ,419.5,0.2667,,10.5256,13.3418,46.3355,-6.6637,50.025,0.8621,0.2667,1.0,720.68,2024-05-15,-41.79,19.19,0,0.0,HAAN
256,LLOYDSENT,Lloyds Enterprises Limited,Metals & Mining,INE080I01025,EQ,78.83,0.2602,,21.5574,13.4175,73.2147,5.6844,51.5635,0.8916,0.2602,1.0,92.86,2025-07-10,-15.11,33.59,0,0.0,HAAN
257,TRIVENI,Triveni Engineering & Industries Limited,,INE256C01024,EQ,241.97,0.2584,,15.1361,9.7986,1.3987,-14.2937,37.9261,0.5315,0.2584,1.0,312.09,2024-09-16,-22.47,26.68,0,0.016,HAAN
258,AVL,Aditya Vision Limited,Consumer Services,INE679V01027,EQ,595.1,0.2572,,6.4104,7.3309,29.4118,-8.6219,28.5021,0.1954,0.2572,1.0,668.55,2026-06-29,-10.99,11.93,0,0.0,HAAN
259,KEI,KEI Industries Limited,Capital Goods,INE878B01027,EQ,4557.4,0.2511,,9.6082,8.835,12.5812,-10.7442,35.1789,0.4311,0.2511,1.0,5873.0,2026-08-17,-22.4,245.65,0,0.0,HAAN
260,TIPSMUSIC,Tips Music Limited,Media Entertainment & Publication,INE716B01029,EQ,653.1,0.2507,,10.2744,9.4489,23.5762,-4.1251,37.6888,0.5194,0.2507,1.0,937.25,2024-11-06,-30.32,37.62,0,0.0,HAAN
261,JYOTICNC,Jyoti CNC Automation Limited,Capital Goods,INE980O01024,EQ,1073.1,0.244,,20.9059,11.3109,38.7151,38.0015,46.3494,0.7938,0.244,1.0,1435.9,2024-12-17,-25.27,111.32,0,0.0,HAAN
262,MOTILALOFS,Motilal Oswal Financial Services Limited,Financial Services,INE338I01027,EQ,1081.15,0.2427,,17.5099,9.5932,57.8436,13.6916,39.5282,0.5997,0.2427,1.0,1091.3,2025-10-28,-0.93,113.05,0,0.0,HAAN
263,AXISCADES,AXISCADES Technologies Limited,Capital Goods,INE555B01013,EQ,2288.5,0.2409,,36.7412,12.1152,40.5022,48.7005,50.2971,0.8701,0.2409,1.0,2307.3,2026-10-01,-0.81,37.61,0,0.024,HAAN
264,RATNAMANI,Ratnamani Metals & Tubes Limited,Capital Goods,INE703B01027,EQ,2601.2,0.2394,,4.0605,10.8092,15.3423,-0.0692,45.1428,0.7537,0.2394,1.0,3859.45,2024-09-12,-32.6,21.24,0,0.0,HAAN
265,INDIANB,Indian Bank,Financial Services,INE562A01011,EQ,813.0,0.2243,,14.1213,14.7587,-6.4872,3.4417,32.8968,0.3507,0.4486,0.5,991.55,2026-02-26,-18.01,141.03,0,0.0,HAAN
266,KIRLPNU,Kirloskar Pneumatic Company Limited,Capital Goods,INE811A01038,EQ,710.85,0.2176,,15.5478,7.8678,30.3953,-19.3545,36.1631,0.4739,0.2176,1.0,1045.75,2026-06-22,-32.02,19.1,0,0.0,HAAN
267,MANAPPURAM,Manappuram Finance Limited,Financial Services,INE522D01027,EQ,310.2,0.212,,10.3129,7.1001,21.2666,-9.3248,33.4952,0.3815,0.212,1.0,371.85,2026-07-31,-16.58,187.86,0,0.0,HAAN
268,KALYANKJIL,Kalyan Jewellers India Limited,Consumer Durables,INE303R01014,EQ,548.15,0.2023,,18.5061,9.5146,39.0009,54.5173,47.0244,0.8059,0.2023,1.0,787.9,2025-01-02,-30.43,1229.08,0,0.0,HAAN
269,GLAXO,GlaxoSmithKline Pharmaceuticals Limited,Healthcare,INE159A01016,EQ,2755.0,0.2017,,0.6135,5.1172,19.1867,14.4816,25.3656,0.0924,0.2017,1.0,3466.2,2025-06-05,-20.52,31.58,0,0.0,HAAN
270,PREMEXPLN,Premier Explosives Limited,,INE863B01029,EQ,685.1,0.1992,,11.2266,10.2418,60.9349,-0.7461,51.4132,0.8876,0.1992,1.0,891.35,2024-06-21,-23.14,22.02,0,0.0,HAAN
271,BANDHANBNK,Bandhan Bank Limited,Financial Services,INE545U01014,EQ,164.15,0.1976,,4.3746,8.4417,12.1703,-19.9659,42.7312,0.6921,0.1976,1.0,729.7,2018-08-09,-77.5,247.29,0,0.0,HAAN
272,JSWINFRA,JSW Infrastructure Limited,Services,INE880J01026,EQ,363.05,0.197,,7.3319,6.4236,50.487,12.5911,32.6019,0.3414,0.197,1.0,367.6,2026-09-22,-1.24,125.21,0,0.0,HAAN
273,ANURAS,Anupam Rasayan India Limited,Chemicals,INE930P01018,EQ,1170.2,0.1806,,5.9196,9.2289,-7.5233,-7.9452,25.5499,0.0991,0.3612,0.5,1376.0,2026-05-15,-14.96,50.93,0,0.0,HAAN
274,RBA,Restaurant Brands Asia Limited,Consumer Services,INE07T201019,EQ,95.1,0.1785,,18.4751,6.6597,55.774,30.7037,37.316,0.5167,0.1785,1.0,194.4,2020-12-16,-51.08,86.58,0,0.0,HAAN
275,ACE,Action Construction Equipment Limited,Capital Goods,INE731H01025,EQ,1252.2,0.1781,,12.4057,5.9209,53.1556,25.4458,33.2538,0.3681,0.1781,1.0,1606.4,2024-04-01,-22.05,54.25,0,0.0,HAAN
276,EPL,EPL Limited,Capital Goods,INE255A01020,EQ,237.23,0.1718,,12.2929,5.694,10.9952,-3.207,33.1441,0.3655,0.1718,1.0,299.55,2020-09-14,-20.8,102.01,0,0.0,HAAN
277,INDGN,Indegene Limited,Healthcare,INE065X01017,EQ,596.3,0.1714,,4.2665,4.6676,26.1744,21.2361,27.2332,0.1459,0.1714,1.0,732.7,2024-10-01,-18.62,34.52,0,0.0,HAAN
278,GABRIEL,Gabriel India Limited,Automobile and Auto Components,INE524A01029,EQ,1352.9,0.1632,,7.8782,8.1696,54.3173,6.8304,50.0614,0.8635,0.1632,1.0,1587.7,2026-08-05,-14.79,86.96,0,0.0,HAAN
279,SOLARA,Solara Active Pharma Sciences Limited,,INE624Z01016,EQ,682.65,0.1606,,1.5244,7.2542,43.3837,21.8256,45.1669,0.7564,0.1606,1.0,1810.95,2021-05-19,-62.3,32.02,0,0.0,HAAN
280,COALINDIA,Coal India Limited,Oil Gas & Consumable Fuels,INE522F01014,EQ,411.65,0.1594,,4.879,7.4653,-8.3899,-4.0331,23.4214,0.0535,0.3187,0.5,540.4,2024-08-01,-23.82,331.3,0,0.0,HAAN
281,JSFB,Jana Small Finance Bank Limited,Financial Services,INE953L01027,EQ,499.85,0.1584,,7.333,6.6667,34.1159,10.8069,42.0932,0.676,0.1584,1.0,736.2,2024-06-20,-32.1,57.6,0,0.0,HAAN
282,TATASTEEL,Tata Steel Limited,Metals & Mining,INE081A01020,EQ,178.69,0.1583,,3.6605,8.2951,-7.9582,-5.8486,26.2077,0.1111,0.3165,0.5,221.13,2026-05-14,-19.19,462.84,0,0.0,HAAN
283,EICHERMOT,Eicher Motors Limited,Automobile and Auto Components,INE066A01021,EQ,7051.0,0.1577,,0.9304,4.1736,6.038,-6.4358,26.466,0.1191,0.1577,1.0,8190.0,2026-02-26,-13.91,356.23,0,0.0,HAAN
284,JINDALSTEL,JINDAL STEEL LIMITED,Metals & Mining,INE749A01030,EQ,1085.9,0.1564,,3.2519,8.7768,-4.5698,4.8773,28.0625,0.174,0.3128,0.5,1288.8,2026-04-21,-15.74,105.39,0,0.0,HAAN
285,BANKINDIA,Bank of India,Financial Services,INE084A01016,EQ,132.16,0.138,,10.354,9.2261,-5.0302,-7.1975,33.4201,0.3762,0.2761,0.5,420.25,2011-06-27,-68.55,98.07,0,0.0,HAAN
286,PETRONET,Petronet LNG Limited,Oil Gas & Consumable Fuels,INE347G01014,EQ,297.5,0.123,,10.1036,3.6474,16.8087,6.402,29.6534,0.241,0.123,1.0,381.2,2024-08-22,-21.96,54.32,0,0.0,HAAN
287,NORTHARC,Northern Arc Capital Limited,Financial Services,INE850M01015,EQ,298.2,0.1208,,9.7534,4.7688,35.5208,-2.1172,39.4734,0.5984,0.1208,1.0,325.3,2026-07-10,-8.33,44.37,0,0.0,HAAN
288,IMFA,Indian Metals & Ferro Alloys Limited,Metals & Mining,INE919H01018,EQ,1190.6,0.1133,,2.7088,11.0416,-5.3201,-12.4366,48.7154,0.8286,0.2267,0.5,1653.9,2026-04-29,-28.01,18.64,0,0.0,HAAN
289,GMRAIRPORT,GMR AIRPORTS LIMITED,Services,INE776C01039,EQ,93.06,0.1047,,4.421,3.2472,4.7148,-19.0642,31.0133,0.2959,0.1047,1.0,114.98,2026-07-07,-19.06,135.75,0,0.0,HAAN
290,TBOTEK,TBO Tek Limited,Consumer Services,INE673O01025,EQ,1693.2,0.0937,,9.6987,3.3798,54.8989,12.5125,36.0819,0.4685,0.0937,1.0,1928.6,2024-09-04,-12.21,37.11,0,0.0,HAAN
291,CHOLAFIN,Cholamandalam Investment and Finance Company Limited,Financial Services,INE121A01024,EQ,1611.0,0.091,,1.1426,3.0001,18.779,-13.0787,32.9536,0.3534,0.091,1.0,1940.0,2026-08-06,-16.96,246.77,0,0.0,HAAN
292,LT,Larsen & Toubro Limited,Construction,INE018A01030,EQ,3770.0,0.0867,,3.4464,2.1812,4.3425,-5.5588,25.1516,0.087,0.0867,1.0,4418.1,2026-02-23,-14.67,660.59,0,0.0,HAAN
293,MEDANTA,Global Health Limited,Healthcare,INE474Q01031,EQ,1300.8,0.0785,,-2.0998,4.8037,30.028,-1.7745,30.5886,0.2771,0.157,0.5,1508.9,2026-08-27,-13.79,37.71,0,0.0,HAAN
294,TIMKEN,Timken India Limited,Capital Goods,INE325A01013,EQ,3156.9,0.0749,,4.0713,4.2548,-5.7023,-3.1893,28.399,0.1874,0.1498,0.5,4712.65,2024-06-18,-33.01,14.01,0,0.0,HAAN
295,TRITURBINE,Triveni Turbine Limited,Capital Goods,INE152M01016,EQ,536.1,0.074,,3.8652,2.7281,16.379,-15.7804,36.8646,0.4967,0.074,1.0,834.85,2024-11-27,-35.78,38.97,0,0.0,HAAN
296,BIOCON,Biocon Limited,Healthcare,INE376G01013,EQ,369.1,0.0692,,3.6943,1.7644,4.6944,-9.2898,25.4902,0.0964,0.0692,1.0,483.6,2020-12-23,-23.68,179.72,0,0.0,HAAN
297,ZFCVINDIA,ZF Commercial Vehicle Control Systems India Limited,Automobile and Auto Components,INE342J01019,EQ,2187.4,0.0677,,2.4783,4.0732,-6.0799,-8.0809,30.1011,0.2584,0.1353,0.5,2950.65,2024-06-11,-25.87,32.7,0,0.0,HAAN
298,SPLPETRO,Supreme Petrochem Limited,Chemicals,INE663A01033,EQ,819.6,0.0623,,-3.6785,5.1106,11.929,11.8908,40.9844,0.6466,0.1247,0.5,901.75,2024-07-18,-9.11,21.07,0,0.0,HAAN
299,NH,Narayana Hrudayalaya Ltd.,Healthcare,INE410P01011,EQ,1723.8,0.0605,,0.1976,1.8067,6.08,-13.9176,29.8455,0.2503,0.0605,1.0,2263.2,2025-06-27,-23.83,51.46,0,0.0,HAAN
300,GREAVESCOT,Greaves Cotton Limited,Capital Goods,INE224A01026,EQ,222.78,0.0593,,0.2159,2.6326,68.7088,0.374,44.4168,0.7282,0.0593,1.0,296.49,2024-12-30,-24.86,52.98,0,0.0,HAAN
301,ASAHIINDIA,Asahi India Glass Limited,Automobile and Auto Components,INE439A01020,EQ,956.95,0.0555,,5.1998,1.8326,16.474,9.9058,33.0225,0.3588,0.0555,1.0,1066.4,2025-12-02,-10.26,15.6,0,0.0,HAAN
302,KIMS,Krishna Institute of Medical Sciences Limited,Healthcare,INE967H01025,EQ,693.4,0.0554,,-5.3508,3.5324,10.7226,-13.9328,31.8782,0.3199,0.1108,0.5,850.65,2026-07-03,-18.49,46.24,0,0.0,HAAN
303,MIDHANI,Mishra Dhatu Nigam Limited,Capital Goods,INE099Z01011,EQ,462.35,0.0553,,17.3179,2.5136,58.0414,11.3426,45.4413,0.7657,0.0553,1.0,531.15,2024-07-11,-12.95,79.63,0,0.0,HAAN
304,PPLPHARMA,Piramal Pharma Limited,Healthcare,INE0DK501011,EQ,200.52,0.0472,,2.7254,1.6033,41.0325,14.4325,33.9542,0.3922,0.0472,1.0,293.55,2024-11-06,-31.69,107.66,0,0.0,HAAN
305,ANANTRAJ,Anant Raj Limited,Realty,INE242C01024,EQ,608.9,0.0431,,-10.1652,3.8343,34.7869,13.1574,44.445,0.7309,0.0863,0.5,935.55,2025-01-08,-34.92,158.11,0,0.0,HAAN
306,ZENTEC,Zen Technologies Limited,Capital Goods,INE251B01027,EQ,1614.3,0.0359,,6.183,1.3261,18.0734,-13.368,36.9183,0.5007,0.0359,1.0,2577.0,2024-12-23,-37.36,74.29,0,0.0,HAAN
307,FEDFINA,Fedbank Financial Services Limited,Financial Services,INE007N01010,EQ,150.72,0.0348,,0.9646,1.4335,10.6121,-3.4589,41.2198,0.6519,0.0348,1.0,176.39,2026-01-14,-14.55,21.13,0,0.0,HAAN
308,AARTIPHARM,Aarti Pharmalabs Limited,Healthcare,INE0LRU01027,EQ,975.0,0.0341,,15.6172,1.5217,51.0106,39.3853,44.5689,0.7349,0.0341,1.0,975.0,2026-10-06,0.0,68.43,0,0.0,HAAN
309,INDUSTOWER,Indus Towers Limited,Telecommunication,INE121J01017,EQ,389.1,0.0301,,9.1598,1.6088,-8.4147,1.6458,26.7535,0.1339,0.0601,0.5,482.3,2015-06-22,-19.32,195.82,0,0.0,HAAN
310,AVANTIFEED,Avanti Feeds Limited,Fast Moving Consumer Goods,INE871C01038,EQ,714.1,0.0289,,6.3995,3.0076,-41.1731,-25.0839,51.9917,0.8969,0.0578,0.5,1503.4,2026-04-20,-52.5,36.94,0,0.0,HAAN
311,JINDRILL,Jindal Drilling And Industries Limited,,INE742C01031,EQ,590.7,0.0261,,-1.2042,2.6647,22.4376,9.3484,51.0398,0.8809,0.0522,0.5,971.0,2025-02-05,-39.17,82.47,0,0.0,HAAN
312,PNB,Punjab National Bank,Financial Services,INE160A01022,EQ,111.92,0.0243,,0.4668,0.6615,7.121,7.8331,27.2779,0.1473,0.0243,1.0,239.4,2011-07-25,-53.25,173.93,0,0.0,HAAN
313,LUPIN,Lupin Limited,Healthcare,INE326A01037,EQ,2029.3,0.0191,,3.3512,0.7525,-10.7804,-18.5086,19.7396,0.0107,0.0381,0.5,2514.8,2026-07-21,-19.31,199.17,0,0.0,HAAN
314,JKPAPER,JK Paper Limited,Forest Materials,INE789E01012,EQ,393.45,0.0182,,3.2542,0.6446,19.3177,9.1855,35.3997,0.4378,0.0182,1.0,633.75,2024-07-02,-37.92,27.21,0,0.0,HAAN
315,ZYDUSWELL,Zydus Wellness Limited,Fast Moving Consumer Goods,INE768C01028,EQ,502.4,0.0175,,5.9469,0.6719,13.3958,-12.7551,38.3698,0.5435,0.0175,1.0,602.5,2026-07-20,-16.61,23.39,0,0.0,HAAN
316,BLACKBUCK,BLACKBUCK LIMITED,Services,INE0UIZ01018,EQ,596.0,0.0142,,-2.6223,1.1185,3.9323,4.5064,39.351,0.593,0.0284,0.5,733.5,2025-10-21,-18.75,36.97,0,0.0,HAAN
317,NELCO,NELCO Limited,,INE045B01015,EQ,924.15,0.0123,,3.948,0.5651,64.8796,1.105,46.065,0.7818,0.0123,1.0,1463.9,2024-12-12,-36.87,39.05,0,0.0,HAAN
318,YESBANK,Yes Bank Limited,Financial Services,INE528G01035,EQ,20.86,0.0091,,-2.2951,0.5221,16.732,-13.1195,28.632,0.2008,0.0182,0.5,394.0,2018-08-20,-94.71,147.0,0,0.0,HAAN
319,GPPL,Gujarat Pipavav Port Limited,Services,INE517F01014,EQ,168.21,0.0088,,7.6613,0.2571,15.5447,9.1139,29.1492,0.2182,0.0088,1.0,255.6,2015-04-01,-34.19,27.25,0,0.0,HAAN
320,HEROMOTOCO,Hero MotoCorp Limited,Automobile and Auto Components,INE158A01026,EQ,5075.0,0.007,,-5.2199,0.3724,1.2671,1.5935,26.574,0.1218,0.014,0.5,6350.5,2025-12-05,-20.09,343.33,0,0.0,HAAN
321,IONEXCHANG,ION Exchange (India) Limited,Utilities,INE570A01022,EQ,409.2,0.0038,,-0.6193,0.3083,17.7554,0.8876,40.6195,0.6332,0.0076,0.5,732.15,2024-07-29,-44.11,30.97,0,0.0,HAAN
322,SKIPPER,Skipper Limited,Capital Goods,INE439E01022,EQ,551.5,0.0005,,3.5,0.0187,56.899,-0.4063,40.3531,0.6252,0.0005,1.0,637.85,2024-12-11,-13.54,54.11,0,0.0,HAAN
323,RELIANCE,Reliance Industries Limited,Oil Gas & Consumable Fuels,INE002A01018,EQ,1218.0,-0.0,,-11.2504,-15.364,-9.8112,-6.9092,21.0133,0.0187,-0.7312,0.0,1600.9,2024-07-08,-23.92,1530.4,0,0.0,HAAN
324,SJVN,SJVN Limited,Power,INE002L01015,EQ,57.26,-0.0,,-37.7609,-34.9941,-14.9688,-20.2507,30.8788,0.2892,-1.1333,0.0,153.78,2024-07-15,-62.76,13.43,0,0.0,HAAN
325,ASTRAL,Astral Limited,Capital Goods,INE006I01046,EQ,1402.3,-0.0,,-0.2561,-6.0787,-9.7329,3.1482,30.5384,0.2744,-0.1991,0.0,2417.75,2024-06-27,-42.0,132.01,0,0.0,HAAN
326,INFY,Infosys Limited,Information Technology,INE009A01021,EQ,1013.85,-0.0,,-31.7181,-34.8825,-22.0595,-5.4068,30.4646,0.2731,-1.145,0.0,1999.7,2024-12-13,-49.3,1183.11,0,0.0,HAAN
327,SWIGGY,Swiggy Limited,Consumer Services,INE00H001014,EQ,244.2,-0.0,,-42.6895,-42.4072,-11.3129,-8.2886,37.29,0.5154,-1.1372,0.0,597.45,2024-12-20,-59.13,607.5,0,0.0,HAAN
328,DALBHARAT,Dalmia Bharat Limited,Construction Materials,INE00R701025,EQ,1682.6,-0.0,,-25.6244,-32.5382,-6.2253,-5.9369,27.8502,0.1633,-1.1683,0.0,2476.2,2025-09-17,-32.05,39.13,0,0.0,HAAN
329,LTTS,L&T Technology Services Limited,Information Technology,INE010V01017,EQ,3246.0,-0.0,,-21.2289,-26.8828,-3.0321,0.7668,36.218,0.4779,-0.7423,0.0,5916.3,2022-01-04,-45.13,46.66,0,0.0,HAAN
330,ACC,ACC Limited,Construction Materials,INE012A01025,EQ,1177.0,-0.0,,-36.4334,-34.6914,-11.2301,-14.9812,22.5538,0.0388,-1.5382,0.0,2772.25,2024-07-02,-57.54,20.33,0,0.0,HAAN
331,DABUR,Dabur India Limited,Fast Moving Consumer Goods,INE016A01026,EQ,388.9,-0.0,,-23.1878,-28.072,-6.7945,-14.2448,22.8021,0.0469,-1.2311,0.0,667.55,2024-09-20,-41.74,81.61,0,0.0,HAAN
332,SBICARD,SBI Cards and Payment Services Limited,Financial Services,INE018E01016,EQ,569.4,-0.0,,-35.8061,-33.7221,-10.7803,-5.8765,27.4494,0.1499,-1.2285,0.0,1140.75,2021-10-18,-50.09,135.61,0,0.0,HAAN
333,VMM,Vishal Mega Mart Limited,Consumer Services,INE01EA01019,EQ,100.95,-0.0,,-30.8656,-31.1172,-6.4238,-13.9239,31.026,0.2972,-1.0029,0.0,153.18,2025-09-09,-34.1,137.34,0,0.0,HAAN
334,RECLTD,REC Limited,Financial Services,INE020B01018,EQ,300.0,-0.0,,-20.0533,-21.1108,-7.6355,-15.7895,28.3453,0.1861,-0.7448,0.0,645.8,2024-07-11,-53.55,194.91,0,0.0,HAAN
335,ASIANTILES,Asian Granito India Limited,,INE022I01019,EQ,48.1,-0.0,,-19.0372,-19.5509,-16.6811,-1.0084,49.2998,0.8434,-0.3966,0.0,611.95,2018-01-12,-92.14,50.25,0,0.0,HAAN
336,IEX,Indian Energy Exchange Limited,Financial Services,INE022Q01020,EQ,104.86,-0.0,,-25.0036,-25.0723,-12.1923,-14.372,31.6774,0.3133,-0.7915,0.0,295.25,2021-12-10,-64.48,57.21,0,0.0,HAAN
337,RCF,Rashtriya Chemicals and Fertilizers Limited,Chemicals,INE027A01015,EQ,108.94,-0.0,,-26.7335,-28.4971,-5.2119,-16.7762,33.368,0.3748,-0.854,0.0,235.03,2024-07-22,-53.65,16.67,0,0.0,HAAN
338,MAXHEALTH,Max Healthcare Institute Limited,Healthcare,INE027H01010,EQ,902.5,-0.0,,-20.6733,-14.769,-4.4569,-19.3044,26.9253,0.1352,-0.5485,0.0,1301.4,2025-07-03,-30.65,220.48,0,0.0,HAAN
339,BANKBARODA,Bank of Baroda,Financial Services,INE028A01039,EQ,232.73,-0.0,,-7.9464,-8.6162,-6.7439,-6.1005,27.916,0.166,-0.3086,0.0,324.45,2026-02-26,-28.27,204.05,0,0.0,HAAN
340,RAYMONDLSL,Raymond Lifestyle Limited,Textiles,INE02ID01020,EQ,649.85,-0.0,,-48.1944,-48.7961,-16.5254,-13.3937,41.1973,0.6506,-1.1844,0.0,2869.0,2024-09-05,-77.35,16.34,0,0.0,HAAN
341,FIRSTCRY,Brainbees Solutions Limited,Consumer Services,INE02RE01045,EQ,177.57,-0.0,,-53.1106,-52.6298,-20.8443,-16.4534,40.1317,0.6185,-1.3114,0.0,722.8,2024-10-15,-75.43,68.41,0,0.0,HAAN
342,HINDUNILVR,Hindustan Unilever Limited,Fast Moving Consumer Goods,INE030A01027,EQ,1895.2,-0.0,,-25.3359,-26.7048,-8.2361,-14.1978,22.0223,0.0335,-1.2126,0.0,3028.55,2024-09-23,-37.42,308.09,0,0.0,HAAN
343,HUDCO,Housing & Urban Development Corporation Limited,Financial Services,INE031A01017,EQ,161.04,-0.0,,-29.5076,-24.3779,-4.1314,-23.5654,32.0478,0.3226,-0.7607,0.0,342.2,2024-07-11,-52.94,40.68,0,0.0,HAAN
344,HDFCBANK,HDFC Bank Limited,Financial Services,INE040A01034,EQ,711.45,-0.0,,-25.0987,-26.3947,-5.2537,-14.2108,21.8846,0.0308,-1.2061,0.0,1012.9,2025-07-30,-29.76,2199.56,0,0.0,HAAN
345,SUZLON,Suzlon Energy Limited,Capital Goods,INE040H01021,EQ,39.16,-0.0,,-30.8616,-32.8707,-3.9725,-27.9882,32.3475,0.3293,-1.0162,0.0,84.7,2024-09-16,-53.77,258.56,0,0.0,HAAN
346,ESCORTS,Escorts Kubota Limited,Capital Goods,INE042A01014,EQ,2811.7,-0.0,,-21.9579,-27.7756,-1.1322,-5.6128,30.9342,0.2905,-0.8979,0.0,4374.7,2024-09-25,-35.73,29.44,0,0.0,HAAN
347,KPITTECH,KPIT Technologies Limited,Information Technology,INE04I401011,EQ,492.7,-0.0,,-60.7629,-60.8883,-29.291,-12.3933,40.3847,0.6278,-1.5077,0.0,1868.7,2024-07-16,-73.63,168.89,0,0.0,HAAN
348,IRFC,Indian Railway Finance Corporation Limited,Financial Services,INE053F01010,EQ,77.1,-0.0,,-37.8627,-39.2451,-16.0497,-14.2571,28.3185,0.1807,-1.3858,0.0,217.43,2024-07-12,-64.54,68.18,0,0.0,HAAN
349,ABREL,Aditya Birla Real Estate Limited,Realty,INE055A01016,EQ,1078.0,-0.0,,-39.4824,-37.4048,-5.8186,-23.5353,39.041,0.5783,-0.9581,0.0,3052.8,2024-10-18,-64.69,24.09,0,0.0,HAAN
350,FORTIS,Fortis Healthcare Limited,Healthcare,INE061F01013,EQ,764.0,-0.0,,-19.1192,-14.2142,-3.1379,-21.3911,27.033,0.1392,-0.5258,0.0,1097.9,2025-10-21,-30.41,129.32,0,0.0,HAAN
351,INOXWIND,Inox Wind Limited,Capital Goods,INE066P01011,EQ,68.7,-0.0,,-51.3249,-51.5804,-13.6392,-20.2461,38.5563,0.5542,-1.3378,0.0,254.34,2024-09-20,-72.99,91.29,0,0.0,HAAN
352,SHREECEM,SHREE CEMENT LIMITED,Construction Materials,INE070A01015,EQ,22210.0,-0.0,,-24.7501,-26.0013,-3.9568,-16.8476,22.7243,0.0428,-1.1442,0.0,32345.0,2025-07-22,-31.33,71.63,0,0.0,HAAN
353,PRAJIND,Praj Industries Limited,Capital Goods,INE074A01025,EQ,315.05,-0.0,,-12.1934,-20.3396,-5.7019,-12.7285,39.8334,0.6104,-0.5106,0.0,844.6,2025-01-01,-62.7,25.27,0,0.0,HAAN
354,WIPRO,Wipro Limited,Information Technology,INE075A01022,EQ,161.84,-0.0,,-33.124,-37.1191,-16.9668,-6.4509,25.4792,0.095,-1.4568,0.0,360.75,2022-01-04,-55.14,254.96,0,0.0,HAAN
355,VIKRAMSOLR,Vikram Solar Limited,Capital Goods,INE078V01014,EQ,151.5,-0.0,,-54.6407,-53.0626,-18.3288,-17.4207,45.0787,0.751,-1.1771,0.0,378.8,2025-09-10,-60.01,63.72,0,0.0,HAAN
356,AMBUJACEM,Ambuja Cements Limited,Construction Materials,INE079A01024,EQ,361.55,-0.0,,-37.5992,-35.568,-13.5978,-17.0567,27.5256,0.1539,-1.2922,0.0,695.0,2024-07-01,-47.98,88.15,0,0.0,HAAN
357,CHAMBLFERT,Chambal Fertilizers & Chemicals Limited,Chemicals,INE085A01013,EQ,404.8,-0.0,,-23.3188,-23.5847,-10.5217,-12.7022,26.324,0.1138,-0.8959,0.0,726.65,2025-05-06,-44.29,20.91,0,0.0,HAAN
358,ELECTCAST,Electrosteel Castings Limited,Capital Goods,INE086A01029,EQ,78.97,-0.0,,-17.8166,-28.2313,-1.2505,2.0548,46.5899,0.7979,-0.606,0.0,230.91,2024-09-13,-65.8,19.42,0,0.0,HAAN
359,RENUKA,Shree Renuka Sugars Limited,Fast Moving Consumer Goods,INE087H01022,EQ,22.65,-0.0,,-27.5664,-28.3391,-19.4523,-2.8314,34.3398,0.4016,-0.8253,0.0,74.85,2011-07-08,-69.74,37.56,0,0.0,HAAN
360,DRREDDY,Dr. Reddy's Laboratories Limited,Healthcare,INE089A01031,EQ,1208.0,-0.0,,-5.2698,-7.6888,-0.764,-10.8224,23.5575,0.0562,-0.3264,0.0,1412.49,2024-08-21,-14.48,256.63,0,0.0,HAAN
361,TATACHEM,Tata Chemicals Limited,Chemicals,INE092A01019,EQ,616.55,-0.0,,-35.2533,-35.1579,-5.4226,-14.2012,36.5177,0.4859,-0.9628,0.0,1315.25,2024-03-07,-53.12,110.64,0,0.008,HAAN
362,UTIAMC,UTI Asset Management Company Limited,Financial Services,INE094J01016,EQ,888.2,-0.0,,-34.8827,-34.7709,-5.6261,-9.6807,28.8552,0.2102,-1.205,0.0,1475.4,2025-07-22,-39.8,17.59,0,0.0,HAAN
363,NBCC,NBCC (India) Limited,Construction,INE095N01031,EQ,77.05,-0.0,,-29.4349,-26.949,-7.2692,-21.8084,34.6983,0.4163,-0.7767,0.0,130.47,2024-08-28,-40.95,54.72,0,0.0,HAAN
364,PREMIERENE,Premier Energies Limited,Capital Goods,INE0BS701011,EQ,907.0,-0.0,,-13.5779,-13.8783,-1.1282,-11.469,33.7778,0.3869,-0.4109,0.0,1373.5,2024-12-16,-33.96,119.73,0,0.0,HAAN
365,OSWALPUMPS,Oswal Pumps Limited,Capital Goods,INE0BYP01024,EQ,264.8,-0.0,,-64.5064,-66.2031,-14.91,-37.5913,45.1158,0.7523,-1.4674,0.0,873.8,2025-08-22,-69.7,17.97,0,0.0,HAAN
366,RAILTEL,Railtel Corporation Of India Limited,Telecommunication,INE0DD101019,EQ,257.65,-0.0,,-32.3043,-35.576,-2.2387,-16.9541,38.1361,0.5355,-0.9329,0.0,596.9,2024-07-12,-56.84,23.3,0,0.0,HAAN
367,MSUMI,Motherson Sumi Wiring India Limited,Automobile and Auto Components,INE0FS801015,EQ,33.31,-0.0,,-28.6876,-28.2178,-10.143,-19.3658,29.9542,0.2557,-0.942,0.0,52.5,2024-06-18,-36.55,38.84,0,0.0,HAAN
368,LATENTVIEW,Latent View Analytics Limited,Information Technology,INE0I7C01011,EQ,233.28,-0.0,,-42.8235,-43.5448,-25.2547,-22.5112,45.4328,0.7644,-0.9584,0.0,701.9,2021-11-25,-66.76,20.34,0,0.0,HAAN
369,NTPCGREEN,NTPC Green Energy Limited,Power,INE0ONG01011,EQ,90.13,-0.0,,-11.394,-11.1571,-7.2927,-2.7409,28.7272,0.2041,-0.3884,0.0,148.61,2024-12-11,-39.35,43.35,0,0.0,HAAN
370,IGIL,International Gemological Institute Limited,Services,INE0Q9301021,EQ,319.6,-0.0,,-9.5002,-14.5897,-0.2341,-8.6074,35.441,0.4404,-0.4117,0.0,620.4,2025-01-08,-48.48,20.13,0,0.0,HAAN
371,ATUL,Atul Limited,Chemicals,INE100A01010,EQ,6000.0,-0.0,,-3.6067,-8.4645,-4.7014,-6.7237,25.3601,0.091,-0.3338,0.0,10824.15,2021-10-11,-44.57,31.75,0,0.0,HAAN
372,M&M,Mahindra & Mahindra Limited,Automobile and Auto Components,INE101A01026,EQ,2855.0,-0.0,,-19.1218,-17.7695,-5.203,-10.6808,26.7064,0.1312,-0.6654,0.0,3802.4,2026-01-02,-24.92,712.02,0,0.0,HAAN
373,AFCONS,Afcons Infrastructure Limited,Construction,INE101I01011,EQ,242.15,-0.0,,-45.4064,-44.6923,-14.6458,-21.95,33.0213,0.3574,-1.3534,0.0,545.55,2024-12-06,-55.61,52.23,0,0.0,HAAN
374,GODREJCP,Godrej Consumer Products Limited,Fast Moving Consumer Goods,INE102D01028,EQ,872.5,-0.0,,-26.6313,-29.9096,-12.2939,-20.4794,26.705,0.1299,-1.12,0.0,1516.7,2024-07-23,-42.47,139.24,0,0.0,HAAN
375,LICHSGFIN,LIC Housing Finance Limited,Financial Services,INE115A01026,EQ,502.0,-0.0,,-12.1456,-4.8972,-2.9764,-7.6442,26.4063,0.1165,-0.1855,0.0,816.35,2024-07-01,-38.51,140.34,0,0.0,HAAN
376,SBILIFE,SBI Life Insurance Company Limited,Financial Services,INE123W01016,EQ,1750.0,-0.0,,-3.3042,-5.1433,-1.3529,-4.4916,21.0953,0.0214,-0.2438,0.0,2109.6,2026-02-23,-17.05,179.37,0,0.0,HAAN
377,EIDPARRY,EID Parry India Limited,Fast Moving Consumer Goods,INE126A01031,EQ,699.2,-0.0,,-34.1434,-35.4309,-13.3957,-6.823,26.9491,0.1365,-1.3147,0.0,1236.2,2025-07-30,-43.44,39.22,0,0.0,HAAN
378,ACI,Archean Chemical Industries Limited,Chemicals,INE128X01021,EQ,474.5,-0.0,,-32.9044,-30.4796,-18.7361,-10.3872,32.6589,0.3454,-0.9333,0.0,822.75,2024-02-26,-42.33,19.34,0,0.0,HAAN
379,GMDCLTD,Gujarat Mineral Development Corporation Limited,Metals & Mining,INE131A01031,EQ,491.55,-0.0,,-18.3675,-5.3981,-15.592,-16.1607,45.9654,0.7791,-0.1174,0.0,746.75,2026-04-16,-34.17,61.48,0,0.0,HAAN
380,PFC,Power Finance Corporation Limited,Financial Services,INE134E01011,EQ,322.6,-0.0,,-20.4243,-19.1176,-19.8011,-21.917,28.5591,0.1995,-0.6694,0.0,570.6,2024-07-11,-43.46,298.38,0,0.0,HAAN
381,KFINTECH,Kfin Technologies Limited,Financial Services,INE138Y01010,EQ,863.8,-0.0,,-18.7471,-22.7769,-4.4628,-0.3231,33.6532,0.3829,-0.6768,0.0,1592.2,2024-12-26,-45.75,97.25,0,0.0,HAAN
382,SAMMAANCAP,Sammaan Capital Limited,Financial Services,INE148I01020,EQ,134.4,-0.0,,-1.4735,-0.2658,-8.5403,-20.4498,39.1856,0.585,-0.0068,0.0,1421.15,2018-01-29,-90.54,104.1,0,0.0,HAAN
383,DELHIVERY,Delhivery Limited,Services,INE148O01028,EQ,407.5,-0.0,,-10.5182,-15.8927,-4.3988,-21.3169,31.2467,0.3025,-0.5086,0.0,699.2,2022-07-21,-41.72,157.83,0,0.0,HAAN
384,THERMAX,Thermax Limited,Capital Goods,INE152A01029,EQ,3225.1,0.0,,-0.2474,1.6817,-2.1422,-31.512,35.3109,0.4351,0.0476,0.0,5666.45,2024-07-08,-43.08,96.85,0,0.0,HAAN
385,BLS,BLS International Services Limited,Consumer Services,INE153T01027,EQ,223.97,-0.0,,-34.7882,-40.0731,-16.5537,-9.998,46.8456,0.7992,-0.8554,0.0,505.5,2025-01-03,-55.69,48.07,0,0.0,HAAN
386,ITC,ITC Limited,Fast Moving Consumer Goods,INE154A01025,EQ,266.7,-0.0,,-33.3417,-35.5607,-8.9295,-7.6364,21.7291,0.0268,-1.6365,0.0,494.53,2024-09-26,-46.07,399.29,0,0.0,HAAN
387,TMPV,Tata Motors Passenger Vehicles Limited,Automobile and Auto Components,INE155A01022,EQ,285.8,-0.0,,-28.9318,-34.5591,-5.7699,-16.506,30.9524,0.2945,-1.1165,0.0,703.35,2024-07-30,-59.37,306.63,0,0.0,HAAN
388,COROMANDEL,Coromandel International Limited,Chemicals,INE169A01031,EQ,1788.3,-0.0,,-20.1153,-17.5988,-4.7916,-13.7919,30.1381,0.2624,-0.5839,0.0,2691.4,2025-07-31,-33.56,28.84,0,0.0,HAAN
389,BDL,Bharat Dynamics Limited,Capital Goods,INE171Z01026,EQ,1101.8,-0.0,,-29.1857,-30.7539,-7.0682,-21.0575,38.4602,0.5502,-0.7996,0.0,2015.5,2025-05-30,-45.33,161.42,0,0.0,HAAN
390,BATAINDIA,Bata India Limited,Consumer Durables,INE176A01028,EQ,619.85,-0.0,,-47.7008,-49.8555,-5.676,-9.5506,30.2709,0.2651,-1.647,0.0,2229.6,2021-11-15,-72.2,26.02,0,0.0,HAAN
391,HAVELLS,Havells India Limited,Consumer Durables,INE176B01034,EQ,1057.0,-0.0,,-31.3458,-31.9451,-10.4693,-13.7143,24.4089,0.0763,-1.3087,0.0,2082.4,2024-09-23,-49.24,126.38,0,0.0,HAAN
392,GPIL,Godawari Power And Ispat limited,Capital Goods,INE177H01039,EQ,218.98,-0.0,,-15.6829,-13.4411,-20.8744,-12.4955,34.6835,0.415,-0.3875,0.0,305.85,2026-05-20,-28.4,38.54,0,0.0,HAAN
393,PGHH,Procter & Gamble Hygiene and Health Care Limited,,INE179A01014,EQ,6865.0,-0.0,,-50.2031,-48.4123,-29.6403,-23.7222,20.1875,0.012,-2.3981,0.0,18427.55,2023-11-17,-62.75,14.29,0,0.0,HAAN
394,MFSL,Max Financial Services Limited,Financial Services,INE180A01020,EQ,1361.0,-0.0,,-13.0685,-7.1621,-7.0482,-15.408,29.3617,0.2289,-0.2439,0.0,1870.0,2026-02-23,-27.22,144.59,0,0.0,HAAN
395,PFIZER,Pfizer Limited,,INE182A01018,EQ,3852.2,-0.0,,-22.6,-23.5821,-21.1762,-15.1255,23.5687,0.0576,-1.0006,0.0,6318.3,2024-09-02,-39.03,22.2,0,0.0,HAAN
396,TATACONSUM,TATA CONSUMER PRODUCTS LIMITED,Fast Moving Consumer Goods,INE192A01025,EQ,976.0,-0.0,,-13.9482,-14.9916,-6.334,-13.2444,22.7536,0.0455,-0.6589,0.0,1271.0,2026-05-11,-23.21,137.76,0,0.0,HAAN
397,GRMOVER,GRM Overseas Limited,,INE192H01020,EQ,79.04,-0.0,,-36.1465,-32.2332,-49.1639,-20.9125,44.7539,0.7416,-0.7202,0.0,171.12,2026-01-05,-53.81,9.57,0,0.0,HAAN
398,DMART,Avenue Supermarts Limited,Consumer Services,INE192R01011,EQ,3581.9,-0.0,,-21.7276,-20.0996,-17.8915,-12.0121,24.7628,0.0817,-0.8117,0.0,5391.45,2024-09-24,-33.56,216.76,0,0.0,HAAN
399,SUPREMEIND,Supreme Industries Limited,Capital Goods,INE195A01028,EQ,3497.9,-0.0,,-18.1031,-21.7974,-3.9593,9.9485,27.6879,0.158,-0.7873,0.0,6186.3,2024-06-19,-43.46,63.97,0,0.0,HAAN
400,PNCINFRA,PNC Infratech Limited,Construction,INE195J01029,EQ,138.74,-0.0,,-53.8303,-57.7194,-20.2598,-42.0565,40.7526,0.6372,-1.4163,0.0,559.3,2024-05-24,-75.19,19.79,0,0.0,HAAN
401,IREDA,Indian Renewable Energy Development Agency Limited,Financial Services,INE202E01016,EQ,109.0,-0.0,,-27.4639,-26.175,-5.1679,-12.9115,30.2284,0.2637,-0.8659,0.0,289.65,2024-07-15,-62.37,54.89,0,0.0,HAAN
402,IGL,Indraprastha Gas Limited,Oil Gas & Consumable Fuels,INE203G01027,EQ,141.38,-0.0,,-31.0173,-33.4632,-3.3696,-7.1579,26.702,0.1285,-1.2532,0.0,295.73,2021-09-13,-52.19,28.75,0,0.0,HAAN
403,JWL,Jupiter Wagons Limited,Capital Goods,INE209L01016,EQ,224.64,-0.0,,-30.6346,-35.5481,-12.4586,-11.5591,43.2851,0.7041,-0.8213,0.0,730.0,2024-07-05,-69.23,31.49,0,0.0,HAAN
404,ONGC,Oil & Natural Gas Corporation Limited,Oil Gas & Consumable Fuels,INE213A01029,EQ,224.2,-0.0,,-6.4547,-2.3728,-21.9359,-8.1825,23.8814,0.0656,-0.0994,0.0,341.75,2024-08-01,-34.4,281.03,0,0.0,HAAN
405,LTM,LTM Limited,Information Technology,INE214T01019,EQ,3971.1,-0.0,,-23.8377,-25.9408,-7.7325,2.9182,33.0691,0.3614,-0.7844,0.0,7561.75,2022-01-04,-47.48,199.14,0,0.0,HAAN
406,BRITANNIA,Britannia Industries Limited,Fast Moving Consumer Goods,INE216A01030,EQ,4883.8,-0.0,,-17.9676,-19.4328,-10.2573,-10.3396,19.4272,0.0067,-1.0003,0.0,6446.05,2024-10-01,-24.24,148.67,0,0.0,HAAN
407,SHARDACROP,Sharda Cropchem Limited,Chemicals,INE221J01015,EQ,741.75,-0.0,,-13.2405,-18.3356,-16.4037,-18.9344,49.2958,0.842,-0.3719,0.0,1256.0,2026-02-13,-40.94,12.54,0,0.0,HAAN
408,VOLTAS,Voltas Limited,Consumer Durables,INE226A01021,EQ,1067.9,-0.0,,-22.1874,-20.3828,-13.5584,-17.0885,31.477,0.3079,-0.6475,0.0,1929.2,2024-09-19,-44.65,100.46,0,0.0,HAAN
409,IOC,Indian Oil Corporation Limited,Oil Gas & Consumable Fuels,INE242A01010,EQ,131.6,-0.0,,-9.9986,-9.3986,-1.8862,-7.4413,26.7082,0.1325,-0.3519,0.0,192.4,2024-02-08,-31.6,132.19,0,0.0,HAAN
410,TATAPOWER,Tata Power Company Limited,Power,INE245A01021,EQ,351.65,-0.0,,-8.899,-7.9369,-8.6623,-6.7736,21.4393,0.0241,-0.3702,0.0,485.5,2024-09-27,-27.57,155.76,0,0.0,HAAN
411,MAZDOCK,Mazagon Dock Shipbuilders Limited,Capital Goods,INE249Z01020,EQ,2101.0,-0.0,,-28.1513,-28.3656,-7.2242,-16.7327,33.4823,0.3802,-0.8472,0.0,3751.2,2025-05-29,-43.99,177.51,0,0.0,HAAN
412,ZEEL,Zee Entertainment Enterprises Limited,Media Entertainment & Publication,INE256A01028,EQ,72.42,-0.0,,-36.9219,-33.8464,-2.3068,-29.2566,46.2856,0.7925,-0.7313,0.0,613.4,2018-01-16,-88.19,252.99,0,0.0,HAAN
413,COLPAL,Colgate Palmolive (India) Limited,Fast Moving Consumer Goods,INE259A01022,EQ,1809.4,-0.0,,-20.438,-21.9691,-1.0987,-12.8924,24.732,0.0803,-0.8883,0.0,3838.1,2024-10-03,-52.86,75.65,0,0.0,HAAN
414,GODFRYPHLP,Godfrey Phillips India Limited,Fast Moving Consumer Goods,INE260B01028,EQ,1900.0,-0.0,,-43.1988,-44.672,-0.5184,-10.982,47.2495,0.8099,-0.9454,0.0,3713.0,2025-08-21,-48.83,70.18,0,0.0,HAAN
415,BEL,Bharat Electronics Limited,Capital Goods,INE263A01024,EQ,387.4,-0.0,,-3.9067,-5.9527,-8.112,-7.5749,24.88,0.083,-0.2393,0.0,468.45,2026-03-06,-17.3,426.54,0,0.0,HAAN
416,CAMPUS,Campus Activewear Limited,Consumer Durables,INE278Y01022,EQ,208.68,-0.0,,-22.6825,-25.5065,-9.2735,-9.8185,26.1047,0.1084,-0.9771,0.0,631.85,2022-10-19,-66.97,32.46,0,0.0,HAAN
417,TECHNOE,Techno Electric & Engineering Company Limited,Construction,INE285K01026,EQ,996.2,-0.0,,-27.173,-31.3728,-5.0696,-8.2097,40.2066,0.6212,-0.7803,0.0,1780.65,2024-10-14,-44.05,17.3,0,0.0,HAAN
418,WAAREERTL,Waaree Renewable Technologies Limited,Capital Goods,INE299N01021,EQ,825.95,-0.0,,-20.5894,-24.5203,-3.3185,-18.3117,37.7483,0.5261,-0.6496,0.0,1330.5,2025-10-27,-37.92,13.39,0,0.0,HAAN
419,CROMPTON,Crompton Greaves Consumer Electricals Limited,Consumer Durables,INE299U01018,EQ,211.98,-0.0,,-29.1629,-30.9452,-8.5939,-21.0503,29.8315,0.249,-1.0373,0.0,492.2,2021-09-09,-56.93,82.01,0,0.0,HAAN
420,INTELLECT,Intellect Design Arena Limited,Information Technology,INE306R01017,EQ,601.4,-0.0,,-43.2293,-39.277,-8.5879,-22.8925,38.2018,0.5368,-1.0281,0.0,1227.9,2025-06-17,-51.02,29.22,0,0.0,HAAN
421,GILLETTE,Gillette India Limited,Fast Moving Consumer Goods,INE322A01010,EQ,7057.0,-0.0,,-27.1046,-30.327,-6.746,-10.222,22.513,0.0375,-1.3471,0.0,11258.0,2025-07-18,-37.32,13.82,0,0.0,HAAN
422,RAMCOCEM,The Ramco Cements Limited,Construction Materials,INE331A01037,EQ,848.25,-0.0,,-17.4854,-20.1195,-8.3122,-9.4669,25.5829,0.1004,-0.7864,0.0,1204.9,2026-02-09,-29.6,19.56,0,0.0,HAAN
423,IRCTC,Indian Railway Catering And Tourism Corporation Limited,Consumer Services,INE335Y01020,EQ,454.8,-0.0,,-36.3827,-38.3329,-11.1372,-9.1672,22.2455,0.0348,-1.7232,0.0,1175.54,2021-10-18,-61.31,40.93,0,0.0,HAAN
424,BHARTIHEXA,Bharti Hexacom Limited,Telecommunication,INE343G01021,EQ,1386.8,-0.0,,-19.7361,-16.6277,-7.9639,-7.5652,28.6435,0.2021,-0.5805,0.0,1984.6,2025-07-01,-30.12,24.13,0,0.0,HAAN
425,JPPOWER,Jaiprakash Power Ventures Limited,Power,INE351F01018,EQ,15.0,-0.0,,-15.7777,-17.5783,-0.0666,-14.5786,49.1627,0.8407,-0.3576,0.0,49.0,2012-02-15,-69.39,97.7,0,0.0,HAAN
426,ABBOTINDIA,Abbott India Limited,Healthcare,INE358A01014,EQ,26115.0,-0.0,,-13.5122,-13.4348,-0.6468,-2.2825,20.2962,0.0134,-0.6619,0.0,35670.0,2025-06-30,-26.79,26.53,0,0.0,HAAN
427,WAAREEENER,Waaree Energies Limited,Capital Goods,INE377N01017,EQ,2398.0,-0.0,,-30.3939,-29.8652,-21.9071,-15.599,35.8875,0.4565,-0.8322,0.0,3739.8,2025-09-11,-35.88,174.18,0,0.0,HAAN
428,GRSE,Garden Reach Shipbuilders & Engineers Limited,Capital Goods,INE382Z01011,EQ,2137.3,-0.0,,-21.3331,-14.5104,-5.2321,-20.7027,42.5236,0.6814,-0.3412,0.0,3492.7,2025-06-23,-38.81,100.14,0,0.0,HAAN
429,SARDAEN,Sarda Energy & Minerals Limited,Metals & Mining,INE385C01021,EQ,500.7,-0.0,,-14.2196,-11.8361,-3.5632,1.1209,32.29,0.328,-0.3666,0.0,626.15,2025-09-15,-20.04,39.81,0,0.0,HAAN
430,KEC,KEC International Limited,Construction,INE389H01022,EQ,374.9,-0.0,,-56.8535,-55.307,-29.1974,-24.7793,37.0052,0.5047,-1.4946,0.0,1240.4,2024-12-04,-69.78,45.81,0,0.0,HAAN
431,SYNGENE,Syngene International Limited,Healthcare,INE398R01022,EQ,363.2,-0.0,,-42.9738,-42.8528,-7.1337,-14.0762,32.376,0.332,-1.3236,0.0,947.8,2024-12-02,-61.68,40.32,0,0.0,HAAN
432,RTNPOWER,RattanIndia Power Limited,Power,INE399K01017,EQ,6.75,-0.0,,-42.6995,-44.4534,-18.2809,-24.1573,32.4218,0.3347,-1.3711,0.0,20.15,2012-03-03,-66.5,12.51,0,0.0,HAAN
433,ERIS,Eris Lifesciences Limited,Healthcare,INE406M01024,EQ,1184.7,-0.0,,-27.1447,-24.4362,-11.0652,-17.4483,29.6811,0.2423,-0.8233,0.0,1847.7,2025-06-16,-35.88,12.38,0,0.0,HAAN
434,MUTHOOTFIN,Muthoot Finance Limited,Financial Services,INE414G01012,EQ,2686.0,-0.0,,-11.9806,-6.6811,-15.5027,-14.0342,37.1838,0.5114,-0.1797,0.0,4091.7,2026-01-29,-34.35,276.27,0,0.0,HAAN
435,RVNL,Rail Vikas Nigam Limited,Construction,INE415G01027,EQ,198.78,-0.0,,-42.6403,-44.069,-23.7397,-14.562,33.8449,0.3909,-1.3021,0.0,630.0,2024-07-11,-68.45,100.84,0,0.0,HAAN
436,HAPPSTMNDS,Happiest Minds Technologies Limited,Information Technology,INE419U01012,EQ,303.35,-0.0,,-45.1496,-46.5501,-22.8412,-13.2046,39.3948,0.5957,-1.1816,0.0,1526.1,2021-07-19,-80.12,76.61,0,0.0,HAAN
437,APOLLOTYRE,Apollo Tyres Limited,Automobile and Auto Components,INE438A01022,EQ,401.55,-0.0,,-18.591,-19.5955,-1.9294,-11.621,27.8655,0.1647,-0.7032,0.0,564.25,2024-09-26,-28.83,36.05,0,0.0,HAAN
438,FORCEMOT,FORCE MOTORS LTD,Automobile and Auto Components,INE451A01017,EQ,17110.0,-0.0,,-3.6599,-9.7197,-19.0098,-8.8876,44.8588,0.7443,-0.2167,0.0,25776.0,2026-02-17,-33.62,142.43,0,0.0,HAAN
439,TRANSRAILL,Transrail Lighting Limited,Capital Goods,INE454P01035,EQ,482.4,-0.0,,-35.5511,-43.1183,-1.1982,-4.6923,41.0001,0.6493,-1.0517,0.0,805.2,2025-08-18,-40.09,50.12,0,0.0,HAAN
440,TCS,Tata Consultancy Services Limited,Information Technology,INE467B01029,EQ,2100.0,-0.0,,-28.9917,-34.816,-14.3102,0.1861,28.4192,0.1914,-1.2251,0.0,4553.75,2024-08-30,-53.88,808.24,0,0.0,HAAN
441,LINDEINDIA,Linde India Limited,Chemicals,INE473A01011,EQ,6152.5,-0.0,,-3.5356,-3.9559,-15.6788,-13.8426,27.7127,0.1593,-0.1427,0.0,9691.25,2024-05-21,-36.51,16.15,0,0.0,HAAN
442,CANBK,Canara Bank,Financial Services,INE476A01022,EQ,117.82,0.0,,-2.9809,4.5403,-7.2576,-5.7666,28.2934,0.178,0.1605,0.0,158.93,2026-02-25,-25.87,213.95,0,0.0,HAAN
443,CANFINHOME,Can Fin Homes Limited,Financial Services,INE477A01020,EQ,734.75,-0.0,,-3.652,-4.8197,-10.6796,-19.2405,26.47,0.1205,-0.1821,0.0,950.2,2026-02-09,-22.67,20.07,0,0.0,HAAN
444,GICRE,General Insurance Corporation of India,Financial Services,INE481Y01014,EQ,314.25,-0.0,,-12.7326,-9.6323,-16.9859,-13.3223,23.7419,0.0629,-0.4057,0.0,501.0,2024-12-20,-37.28,26.34,0,0.0,HAAN
445,CEATLTD,CEAT Limited,Automobile and Auto Components,INE482A01020,EQ,3328.7,-0.0,,-3.5998,-4.8218,-1.1757,-14.9757,37.7269,0.5221,-0.1278,0.0,4302.7,2025-10-23,-22.64,37.26,0,0.0,HAAN
446,CENTRALBK,Central Bank of India,Financial Services,INE483A01010,EQ,30.19,-0.0,,-19.0617,-18.7948,-9.3121,-6.038,28.5237,0.1968,-0.6589,0.0,130.25,2011-07-19,-76.82,22.92,0,0.0,HAAN
447,CESC,CESC Limited,Power,INE486A01021,EQ,134.43,-0.0,,-19.6185,-17.4667,-12.2806,-19.3581,28.3111,0.1794,-0.617,0.0,208.41,2024-08-27,-35.5,24.81,0,0.0,HAAN
448,MOIL,MOIL Limited,Metals & Mining,INE490G01020,EQ,239.2,-0.0,,-33.6109,-32.1894,-18.4175,-13.2705,39.57,0.6011,-0.8135,0.0,556.65,2024-07-08,-57.03,32.85,0,0.0,HAAN
449,ZENSARTECH,Zensar Technologies Limited,Information Technology,INE520A01027,EQ,445.45,-0.0,,-44.5233,-48.6537,-18.0706,-4.7573,38.3071,0.5408,-1.2701,0.0,967.75,2025-02-01,-53.97,185.17,0,0.0,HAAN
450,CIEINDIA,CIE Automotive India Limited,Automobile and Auto Components,INE536H01010,EQ,379.0,-0.0,,-11.9321,-11.3949,-16.9042,-18.7828,30.8346,0.2851,-0.3695,0.0,619.0,2024-07-09,-38.77,17.12,0,0.0,HAAN
451,KPIGREEN,KPI Green Energy Limited,Power,INE542W01025,EQ,326.8,-0.0,,-30.5494,-25.6837,-15.5992,-18.5037,45.2511,0.7617,-0.5676,0.0,732.53,2024-08-12,-55.39,59.42,0,0.0,HAAN
452,EMAMILTD,Emami Limited,Fast Moving Consumer Goods,INE548C01032,EQ,384.0,-0.0,,-32.6316,-35.4343,-3.5903,-7.7699,25.3094,0.0897,-1.4,0.0,839.75,2024-08-28,-54.27,55.44,0,0.0,HAAN
453,JKTYRE,JK Tyre & Industries Limited,Automobile and Auto Components,INE573A01042,EQ,339.35,-0.0,,-9.0824,-9.7997,-12.7523,-18.0116,36.7819,0.494,-0.2664,0.0,604.9,2026-02-11,-43.9,27.44,0,0.0,HAAN
454,NMDC,NMDC Limited,Metals & Mining,INE584A01023,EQ,74.38,0.0,,-2.6185,0.9123,-4.7387,-11.8198,28.4971,0.1941,0.032,0.0,96.04,2026-06-03,-22.55,133.0,0,0.0,HAAN
455,MARUTI,Maruti Suzuki India Limited,Automobile and Auto Components,INE585B01010,EQ,11625.0,-0.0,,-28.5451,-24.0817,-7.9645,-20.0371,23.7001,0.0616,-1.0161,0.0,17292.0,2026-01-06,-32.77,519.03,0,0.0,HAAN
456,NLCINDIA,NLC India Limited,Power,INE589A01014,EQ,254.9,0.0,,-8.8177,0.2108,-8.5068,-15.6658,35.9675,0.4618,0.0059,0.0,370.9,2026-05-14,-31.28,52.34,0,0.0,HAAN
457,PIIND,PI Industries Limited,Chemicals,INE603J01030,EQ,2250.0,-0.0,,-37.0312,-36.6112,-19.5624,-15.168,28.9798,0.2129,-1.2633,0.0,4731.35,2024-10-01,-52.44,64.88,0,0.0,HAAN
458,RALLIS,Rallis India Limited,Chemicals,INE613A01020,EQ,200.3,-0.0,,-37.21,-41.3039,-14.726,-13.2487,32.9402,0.3521,-1.2539,0.0,381.05,2025-08-25,-47.43,20.8,0,0.0,HAAN
459,RPOWER,Reliance Power Limited,Power,INE614G01033,EQ,20.49,-0.0,,-55.4662,-57.9258,-9.4965,-17.9087,45.7233,0.7738,-1.2669,0.0,137.3,2012-03-13,-85.08,47.11,0,0.0,HAAN
460,PATANJALI,Patanjali Foods Limited,Fast Moving Consumer Goods,INE619A01035,EQ,363.0,-0.0,,-39.5,-35.5116,-22.2615,-12.4246,29.4225,0.2303,-1.207,0.0,666.93,2025-04-16,-45.57,212.21,0,0.0,HAAN
461,UPL,UPL Limited,Chemicals,INE628A01036,EQ,509.55,-0.0,,-23.8455,-21.3821,-14.0725,-15.1951,33.1138,0.3628,-0.6457,0.0,853.55,2021-06-08,-40.3,125.69,0,0.0,HAAN
462,KNRCON,KNR Constructions Limited,Construction,INE634I01029,EQ,115.65,-0.0,,-42.4369,-43.432,-4.4846,-9.4574,38.7178,0.5649,-1.1218,0.0,409.6,2024-07-30,-71.77,17.75,0,0.0,HAAN
463,ABFRL,Aditya Birla Fashion and Retail Limited,Consumer Services,INE647O01011,EQ,45.68,-0.0,,-47.6807,-47.0516,-20.777,-23.3943,36.6271,0.4926,-1.2846,0.0,130.5,2022-11-01,-65.0,30.65,0,0.0,HAAN
464,SUNDARMFIN,Sundaram Finance Limited,Financial Services,INE660A01013,EQ,4347.8,-0.0,,-5.2705,-2.9041,-4.1913,-9.1179,28.1565,0.1754,-0.1031,0.0,5581.5,2026-03-05,-22.1,25.29,0,0.0,HAAN
465,SWANCORP,SWAN CORP LIMITED,Chemicals,INE665A01038,EQ,268.85,-0.0,,-43.7729,-40.0083,-14.4199,-18.592,34.7316,0.4203,-1.1519,0.0,787.15,2024-12-13,-65.85,52.07,0,0.0,HAAN
466,JYOTHYLAB,Jyothy Labs Limited,Fast Moving Consumer Goods,INE668F01031,EQ,183.32,-0.0,,-42.2887,-41.6341,-11.8866,-3.4751,28.8279,0.2062,-1.4442,0.0,579.2,2024-09-11,-68.35,16.93,0,0.0,HAAN
467,TATAELXSI,Tata Elxsi Limited,Information Technology,INE670A01012,EQ,3093.0,-0.0,,-43.3672,-44.3446,-27.0742,-16.5678,31.7223,0.3159,-1.3979,0.0,10684.9,2022-08-17,-71.05,112.0,0,0.0,HAAN
468,CSBBANK,CSB Bank Limited,Financial Services,INE679A01013,EQ,305.85,-0.0,,-14.7338,-8.2341,-17.1251,-13.4795,46.3648,0.7952,-0.1776,0.0,557.45,2026-01-05,-45.13,21.67,0,0.0,HAAN
469,UBL,United Breweries Limited,Fast Moving Consumer Goods,INE686F01025,EQ,1178.3,-0.0,,-33.9296,-32.3441,-20.6585,-13.271,22.7263,0.0442,-1.4232,0.0,2238.9,2025-04-23,-47.37,17.66,0,0.0,HAAN
470,UCOBANK,UCO Bank,Financial Services,INE691A01018,EQ,23.27,-0.0,,-22.691,-23.0795,-2.636,-11.8561,27.4809,0.1526,-0.8398,0.0,114.2,2014-06-06,-79.62,10.85,0,0.0,HAAN
471,COCHINSHIP,Cochin Shipyard Limited,Capital Goods,INE704P01025,EQ,1282.0,-0.0,,-33.4683,-30.324,-2.4724,-11.3232,37.8424,0.5274,-0.8013,0.0,2863.6,2024-07-11,-55.23,161.18,0,0.0,HAAN
472,JSWCEMENT,JSW Cement Limited,Construction Materials,INE718I01012,EQ,113.2,-0.0,,-21.3069,-25.6068,-2.3633,-16.8381,29.0172,0.2142,-0.8825,0.0,159.17,2025-09-03,-28.88,20.3,0,0.0,HAAN
473,ICRA,ICRA Limited,,INE725G01011,EQ,4356.7,-0.0,,-32.564,-34.5123,-14.7083,-17.6505,22.3034,0.0361,-1.5474,0.0,7269.2,2024-10-01,-40.07,18.75,0,0.0,HAAN
474,ICICIPRULI,ICICI Prudential Life Insurance Company Limited,Financial Services,INE726G01019,EQ,459.5,-0.0,,-22.7731,-24.1818,-8.7207,-5.8112,26.6057,0.1232,-0.9089,0.0,791.05,2024-09-23,-41.91,84.77,0,0.0,HAAN
475,NTPC,NTPC Limited,Power,INE733E01010,EQ,321.45,-0.0,,-5.5947,-4.704,-10.6214,-9.2462,19.0318,0.004,-0.2472,0.0,443.2,2024-09-30,-27.47,297.34,0,0.0,HAAN
476,FIEMIND,Fiem Industries Limited,Automobile and Auto Components,INE737H01014,EQ,1779.5,-0.0,,-11.4236,-6.1861,-10.3662,-20.5261,35.2624,0.4337,-0.1754,0.0,2645.9,2026-08-12,-32.75,19.15,0,0.0,HAAN
477,POWERGRID,Power Grid Corporation of India Limited,Power,INE752E01010,EQ,257.2,-0.0,,-9.564,-9.4258,-11.2951,-9.5481,20.5387,0.0147,-0.4589,0.0,365.45,2024-09-26,-29.62,242.57,0,0.0,HAAN
478,JIOFIN,Jio Financial Services Limited,Financial Services,INE758E01017,EQ,217.9,-0.0,,-27.752,-30.5184,-5.0462,-10.355,28.0211,0.1727,-1.0891,0.0,387.95,2024-04-23,-43.83,393.4,0,0.0,HAAN
479,ICICIGI,ICICI Lombard General Insurance Company Limited,Financial Services,INE765G01017,EQ,1598.3,-0.0,,-15.0654,-18.3284,-5.3756,-10.9235,25.7937,0.1044,-0.7106,0.0,2275.2,2024-09-23,-29.75,187.45,0,0.0,HAAN
480,SIRCA,Sirca Paints India Limited,,INE792Z01011,EQ,406.6,-0.0,,-18.5578,-16.7315,-3.6721,1.4724,27.8384,0.162,-0.601,0.0,534.6,2025-11-18,-23.94,14.31,0,0.0,HAAN
481,HDFCLIFE,HDFC Life Insurance Company Limited,Financial Services,INE795G01014,EQ,543.95,-0.0,,-28.9001,-32.2457,-3.9127,-4.9786,24.3488,0.075,-1.3243,0.0,814.3,2025-06-30,-33.2,219.12,0,0.0,HAAN
482,TORNTPOWER,Torrent Power Limited,Power,INE813H01021,EQ,1234.9,-0.0,,-1.5624,-3.6824,-7.3037,-11.774,30.7352,0.2825,-0.1198,0.0,1973.65,2024-10-18,-37.43,44.74,0,0.0,HAAN
483,IRB,IRB Infrastructure Developers Limited,Construction,INE821I01022,EQ,17.84,-0.0,,-15.0476,-22.2499,-18.1651,-12.8906,26.9739,0.1379,-0.8249,0.0,38.42,2024-06-07,-53.57,25.08,0,0.0,HAAN
484,JKCEMENT,JK Cement Limited,Construction Materials,INE823G01014,EQ,4960.0,-0.0,,-24.6315,-26.5662,-4.0712,-8.063,33.018,0.3561,-0.8046,0.0,7539.0,2025-08-20,-34.21,29.62,0,0.0,HAAN
485,BSOFT,BIRLASOFT LIMITED,Information Technology,INE836A01035,EQ,279.45,-0.0,,-23.4908,-30.1352,-24.6461,-0.7811,37.8455,0.5288,-0.7963,0.0,853.4,2024-02-06,-67.25,50.75,0,0.0,HAAN
486,GUJENERGY,GUJARAT ENERGY LIMITED,,INE844O01030,EQ,229.97,-0.0,,-37.5807,-37.1424,-12.4895,-19.6331,31.7382,0.3186,-1.1703,0.0,658.56,2021-08-05,-65.08,42.82,0,0.0,HAAN
487,GANECOS,Ganesha Ecosphere Limited,,INE845D01014,EQ,990.1,-0.0,,-17.1395,-21.0901,-10.8139,-10.1216,48.77,0.83,-0.4324,0.0,2399.05,2024-11-29,-58.73,13.71,0,0.0,HAAN
488,NHPC,NHPC Limited,Power,INE848E01016,EQ,73.11,-0.0,,-15.4113,-14.4563,-2.947,-7.3267,23.225,0.0522,-0.6224,0.0,115.81,2024-07-15,-36.87,84.03,0,0.0,HAAN
489,HCLTECH,HCL Technologies Limited,Information Technology,INE860A01027,EQ,1204.4,-0.0,,-15.4095,-16.1467,-14.1064,3.0988,29.4801,0.2329,-0.5477,0.0,1995.1,2025-01-10,-39.63,366.42,0,0.0,HAAN
490,NCC,NCC Limited,Construction,INE868B01028,EQ,128.47,-0.0,,-37.7236,-39.6135,-9.343,-13.4591,30.1037,0.2597,-1.3159,0.0,357.95,2024-07-31,-64.11,37.15,0,0.0,HAAN
491,PTC,PTC India Limited,Power,INE877F01012,EQ,157.14,-0.0,,-7.303,-11.1162,-4.8789,-9.1519,34.683,0.4137,-0.3205,0.0,244.0,2024-02-02,-35.6,34.61,0,0.0,HAAN
492,MRF,MRF Limited,Automobile and Auto Components,INE883A01011,EQ,124080.0,-0.0,,-17.5192,-17.1922,-1.8277,-10.5085,22.6687,0.0415,-0.7584,0.0,162295.0,2025-10-23,-23.55,54.36,0,0.0,HAAN
493,SIGNATURE,Signatureglobal (India) Limited,Realty,INE903U01023,EQ,719.35,-0.0,,-33.3441,-31.7757,-4.0227,-8.0292,36.561,0.49,-0.8691,0.0,1612.9,2024-10-01,-55.4,32.76,0,0.0,HAAN
494,SHAKTIPUMP,Shakti Pumps (India) Limited,Capital Goods,INE908D01010,EQ,449.35,-0.0,,-45.77,-46.5037,-9.3778,-24.6057,45.1986,0.7577,-1.0289,0.0,1344.85,2025-01-08,-66.59,32.7,0,0.0,HAAN
495,CMSINFO,CMS Info Systems Limited,Services,INE925R01014,EQ,220.35,-0.0,,-42.5873,-44.4285,-21.6673,-17.441,28.436,0.1928,-1.5624,0.0,605.2,2024-10-09,-63.59,21.49,0,0.0,HAAN
496,JBMA,JBM Auto Limited,Automobile and Auto Components,INE927D01051,EQ,555.65,-0.0,,-22.0414,-22.3853,-1.0771,-17.357,40.6956,0.6359,-0.5501,0.0,1190.88,2024-02-19,-53.34,31.89,0,0.0,HAAN
497,INDIAMART,Indiamart Intermesh Limited,Consumer Services,INE933S01016,EQ,1592.9,-0.0,,-32.891,-35.1169,-21.1006,-17.1874,23.9641,0.0669,-1.4654,0.0,4890.45,2021-02-05,-67.43,20.73,0,0.0,HAAN
498,V2RETAIL,V2 Retail Limited,Consumer Services,INE945H01021,EQ,172.19,0.0,,-10.7176,14.0682,-10.182,-24.8964,42.0515,0.6747,0.3345,0.0,256.4,2026-06-04,-32.84,26.19,0,0.0,HAAN
499,VGUARD,V-Guard Industries Limited,Consumer Durables,INE951I01027,EQ,306.3,-0.0,,-17.1714,-16.9482,-5.0821,0.5251,25.1964,0.0884,-0.6726,0.0,524.15,2024-08-16,-41.56,40.05,0,0.0,HAAN
500,IRCON,Ircon International Limited,Construction,INE962Y01021,EQ,107.86,-0.0,,-37.664,-44.4594,-13.6844,-18.9814,39.2439,0.5863,-1.1329,0.0,336.8,2024-07-12,-67.98,34.78,0,0.0,HAAN
501,TIINDIA,Tube Investments of India Limited,Automobile and Auto Components,INE974X01010,EQ,2472.7,-0.0,,-23.036,-27.461,-3.6848,-16.9901,34.1213,0.3949,-0.8048,0.0,4716.6,2024-10-24,-47.57,90.04,0,0.0,HAAN
502,KSB,Ksb Limited,Capital Goods,INE999A01023,EQ,809.1,-0.0,,-4.795,-6.4834,-3.4832,-12.6713,31.6369,0.3106,-0.2049,0.0,1007.34,2024-07-15,-19.68,20.64,0,0.0,HAAN
503,SAREGAMA,Saregama India Limited,Media Entertainment & Publication,INE979A01025,EQ,503.7,-0.0122,,6.3331,-0.508,57.1607,9.4643,41.8016,0.664,-0.0122,1.0,674.55,2024-10-01,-25.33,32.38,0,0.0,HAAN
504,TEGA,Tega Industries Limited,Capital Goods,INE011K01018,EQ,2092.5,-0.0143,,7.2582,-0.5144,21.1709,29.2704,35.8977,0.4578,-0.0143,1.0,2197.75,2024-11-11,-4.79,78.13,0,0.0,HAAN
505,BAJFINANCE,Bajaj Finance Limited,Financial Services,INE296A01032,EQ,963.1,-0.0188,,-4.9025,-1.154,16.4782,-7.6163,30.7204,0.2811,-0.0376,0.5,1158.8,2026-08-05,-16.89,774.61,0,0.0,HAAN
506,TECHM,Tech Mahindra Limited,Information Technology,INE669C01036,EQ,1504.5,-0.0199,,4.1681,-0.5481,4.3704,3.9378,27.5945,0.1553,-0.0199,1.0,1806.1,2021-12-28,-16.7,380.51,0,0.0,HAAN
507,ANTHEM,Anthem Biosciences Limited,Healthcare,INE0CZ201020,EQ,890.35,-0.0235,,10.6025,-0.6942,34.7484,16.1351,29.5099,0.2343,-0.0235,1.0,957.8,2026-09-08,-7.04,73.17,0,0.0,HAAN
508,ATGL,Adani Total Gas Limited,Oil Gas & Consumable Fuels,INE399L01023,EQ,588.45,-0.0246,,-12.3939,-2.0595,13.1526,-17.2596,41.864,0.6707,-0.0492,0.5,3918.9,2023-01-20,-84.98,111.63,0,0.0,HAAN
509,ETERNAL,ETERNAL LIMITED,Consumer Services,INE758T01015,EQ,329.0,-0.0306,,-0.9782,-2.0423,41.9817,13.6835,33.3186,0.3722,-0.0613,0.5,354.35,2025-10-15,-7.15,993.84,0,0.0,HAAN
510,JSL,Jindal Stainless Limited,Metals & Mining,INE220G01021,EQ,750.95,-0.0341,,-4.2705,-2.1648,4.6183,7.9804,31.7048,0.3146,-0.0683,0.5,865.65,2026-01-05,-13.25,53.88,0,0.0,HAAN
511,KPRMILL,K.P.R. Mill Limited,Textiles,INE930H01031,EQ,1100.4,-0.0379,,1.7476,-1.5423,32.5943,-4.1296,40.6934,0.6345,-0.0379,1.0,1306.25,2025-05-09,-15.76,28.47,0,0.0,HAAN
512,CASTROLIND,Castrol India Limited,Oil Gas & Consumable Fuels,INE172A01027,EQ,200.2,-0.0408,,-0.03,-1.2088,12.5225,8.5919,14.8028,0.0013,-0.0817,0.5,274.85,2024-08-27,-27.16,52.16,0,0.0,HAAN
513,TATATECH,Tata Technologies Limited,Information Technology,INE142M01025,EQ,703.1,-0.0437,,3.3743,-1.4427,29.939,-3.2276,33.0028,0.3548,-0.0437,1.0,1313.0,2023-11-30,-46.45,111.58,0,0.0,HAAN
514,FIVESTAR,Five-Star Business Finance Limited,Financial Services,INE128S01021,EQ,514.35,-0.0473,,-1.077,-3.8668,42.6373,-6.2346,40.8564,0.6439,-0.0946,0.5,900.4,2024-10-16,-42.88,35.21,0,0.0,HAAN
515,TATACOMM,Tata Communications Limited,Telecommunication,INE151A01013,EQ,1681.8,-0.0507,,1.3865,-1.6809,21.2283,-11.8045,33.1659,0.3668,-0.0507,1.0,2158.75,2024-10-01,-22.09,46.56,0,0.0,HAAN
516,MOTISONS,Motisons Jewellers Limited,,INE0FRK01020,EQ,17.61,-0.0639,,-5.627,-6.4315,41.4458,18.1087,50.3005,0.8715,-0.1279,0.5,32.25,2024-11-08,-45.4,88.48,0,0.0,HAAN
517,CCAVENUE,AvenuesAI Limited,Financial Services,INE483S01020,EQ,15.35,-0.0647,,-4.7767,-5.0524,3.9973,-8.848,39.0432,0.5797,-0.1294,0.5,56.94,2018-09-17,-73.04,24.37,0,0.0,HAAN
518,PIDILITIND,Pidilite Industries Limited,Chemicals,INE318A01026,EQ,1520.5,-0.0696,,1.6581,-1.5782,19.386,-6.275,22.6652,0.0402,-0.0696,1.0,1701.5,2026-08-12,-10.64,144.35,0,0.0,HAAN
519,COFORGE,Coforge Limited,Information Technology,INE591G01025,EQ,1849.7,-0.073,,16.2383,-2.8227,52.4394,21.9958,38.6475,0.5622,-0.073,1.0,2014.6,2026-08-28,-8.19,476.95,0,0.0,HAAN
520,SCHAEFFLER,Schaeffler India Limited,Automobile and Auto Components,INE513A01022,EQ,3818.1,-0.0758,,-6.8756,-4.4011,1.4265,-7.1112,29.0335,0.2155,-0.1516,0.5,4825.6,2024-06-14,-20.88,25.04,0,0.0,HAAN
521,JUBLPHARMA,Jubilant Pharmova Limited,Healthcare,INE700A01033,EQ,989.2,-0.0825,,-7.6722,-4.9009,17.8601,1.0625,29.7169,0.245,-0.1649,0.5,1262.6,2024-11-01,-21.65,26.97,0,0.0,HAAN
522,DEEPAKFERT,Deepak Fertilizers and Petrochemicals Corporation Limited,Chemicals,INE501A01019,EQ,1385.6,-0.0835,,-10.4157,-6.9263,39.5719,-12.0924,41.481,0.6573,-0.167,0.5,1743.5,2025-07-01,-20.53,50.74,0,0.0,HAAN
523,KAJARIACER,Kajaria Ceramics Limited,Consumer Durables,INE217B01036,EQ,1213.8,-0.0844,,1.6753,-2.444,24.6137,0.2147,28.973,0.2115,-0.0844,1.0,1548.05,2024-09-24,-21.59,42.65,0,0.0,HAAN
524,FUSION,Fusion Finance Limited,,INE139R01012,EQ,169.0,-0.0851,,-12.4579,-7.6688,14.5142,-25.2279,45.0432,0.7497,-0.1703,0.5,670.9,2023-08-01,-74.81,14.82,0,0.0,HAAN
525,HAL,Hindustan Aeronautics Limited,Capital Goods,INE066F01020,EQ,4816.0,-0.0876,,0.8544,-2.4461,30.6211,9.4471,27.9226,0.1673,-0.0876,1.0,5621.95,2024-07-08,-14.34,418.43,0,0.0,HAAN
526,INOXGREEN,Inox Green Energy Services Limited,,INE510W01014,EQ,146.59,-0.0897,,-28.6007,-8.0982,1.3902,-28.3494,45.1577,0.755,-0.1793,0.5,272.2,2025-11-03,-46.15,22.88,0,0.0,HAAN
527,IDBI,IDBI Bank Limited,Financial Services,INE008A01015,EQ,87.01,-0.0916,,-4.2689,-8.738,25.1042,4.3786,47.6756,0.8166,-0.1833,0.5,137.05,2011-07-19,-36.51,114.3,0,0.0,HAAN
528,GAIL,GAIL (India) Limited,Oil Gas & Consumable Fuels,INE129A01019,EQ,172.08,-0.0921,,-1.3416,-4.6974,21.414,-1.1091,25.4929,0.0977,-0.1843,0.5,240.97,2024-07-31,-28.59,149.37,0,0.0,HAAN
529,RELIGARE,Religare Enterprises Limited,Financial Services,INE621H01010,EQ,227.75,-0.093,,-12.1369,-6.9346,1.7286,-16.3145,37.2756,0.5141,-0.186,0.5,465.35,2011-07-25,-51.06,25.22,0,0.0,HAAN
530,HBLENGINE,HBL Engineering Limited,Capital Goods,INE292B01021,EQ,764.3,-0.0957,,-6.7984,-8.4697,14.519,-2.2509,44.2611,0.7256,-0.1914,0.5,1098.8,2025-11-10,-30.44,110.67,0,0.0,HAAN
531,LODHA,Lodha Developers Limited,Realty,INE670K01029,EQ,1135.6,-0.0964,,-1.2006,-7.2715,63.1492,2.9976,37.7328,0.5248,-0.1927,0.5,1594.8,2024-06-21,-28.79,272.22,0,0.0,HAAN
532,PNGJL,P N Gadgil Jewellers Limited,Consumer Durables,INE953R01016,EQ,588.6,-0.0965,,-2.3557,-6.6427,3.4446,3.3175,34.4334,0.4056,-0.1929,0.5,808.35,2024-09-24,-27.19,37.91,0,0.008,HAAN
533,NSLNISP,NMDC Steel Limited,Metals & Mining,INE0NNS01018,EQ,40.9,-0.0966,,-11.9673,-7.505,15.1788,-5.4554,38.834,0.5689,-0.1933,0.5,70.9,2024-02-02,-42.31,29.38,0,0.0,HAAN
534,PCJEWELLER,PC Jeweller Limited,Consumer Durables,INE785M01021,EQ,12.93,-0.0967,,-3.7946,-9.5047,57.4909,37.407,49.1535,0.8394,-0.1934,0.5,58.74,2018-01-19,-77.99,465.7,0,0.0,HAAN
535,ASIANPAINT,Asian Paints Limited,Consumer Durables,INE021A01026,EQ,2424.2,-0.0981,,0.8403,-2.3682,11.7658,-11.247,24.1336,0.071,-0.0981,1.0,3576.3,2022-01-07,-32.21,201.98,0,0.0,HAAN
536,PARADEEP,Paradeep Phosphates Limited,Chemicals,INE088F01024,EQ,156.76,-0.1044,,-18.8949,-8.3471,35.8759,12.6149,39.9951,0.6131,-0.2087,0.5,231.57,2025-08-06,-32.31,109.49,0,0.0,HAAN
537,KOTAKBANK,Kotak Mahindra Bank Limited,Financial Services,INE237A01036,EQ,431.9,-0.1059,,7.2511,-2.2802,20.6425,13.1517,21.5234,0.0254,-0.1059,1.0,453.76,2025-04-22,-4.82,605.2,0,0.0,HAAN
538,JUBLINGREA,Jubilant Ingrevia Limited,Chemicals,INE0BY001018,EQ,644.25,-0.1063,,-3.8289,-7.6836,11.2406,-5.6666,36.1455,0.4726,-0.2126,0.5,859.2,2025-01-03,-25.02,29.41,0,0.0,HAAN
539,ENRIN,Siemens Energy India Limited,Capital Goods,INE1NPP01017,EQ,3307.5,-0.1065,,-6.2447,-8.2249,26.6271,-1.8226,38.6022,0.5596,-0.2131,0.5,3872.1,2026-05-29,-14.58,183.8,0,0.0,HAAN
540,EXIDEIND,Exide Industries Limited,Automobile and Auto Components,INE302A01020,EQ,405.75,-0.1078,,3.2049,-3.1518,35.589,-2.111,29.2265,0.2209,-0.1078,1.0,579.65,2024-06-25,-30.0,173.13,0,0.0,HAAN
541,BEML,BEML Limited,Capital Goods,INE258A01024,EQ,2042.2,-0.1085,,-6.2932,-8.3745,37.7538,11.4373,38.5874,0.5582,-0.217,0.5,2601.15,2024-07-08,-21.49,73.97,0,0.0,HAAN
542,KIRIINDUS,Kiri Industries Limited,,INE415I01015,EQ,564.1,-0.1117,,-2.0149,-11.1994,50.3866,47.0926,50.1277,0.8688,-0.2234,0.5,726.55,2025-05-29,-22.36,49.41,0,0.0,HAAN
543,RAINBOW,Rainbow Childrens Medicare Limited,Healthcare,INE961O01016,EQ,1239.7,-0.1147,,-10.4974,-5.2661,7.8469,-12.82,22.9496,0.0482,-0.2295,0.5,1677.25,2024-12-04,-26.09,15.95,0,0.0,HAAN
544,URBANCO,Urban Company Limited,Consumer Services,INE0CAZ01013,EQ,173.54,-0.1169,,1.8248,-5.2598,42.4795,25.2815,44.9842,0.7456,-0.1169,1.0,186.73,2025-09-22,-7.06,150.06,0,0.0,HAAN
545,ENDURANCE,Endurance Technologies Limited,Automobile and Auto Components,INE913H01037,EQ,2516.0,-0.1183,,-7.3297,-7.2601,11.7279,-5.6972,30.695,0.2798,-0.2365,0.5,3041.2,2025-09-10,-17.27,35.85,0,0.0,HAAN
546,CHOICEIN,Choice International Limited,Financial Services,INE102B01014,EQ,727.15,-0.1206,,-11.3448,-7.7233,14.6291,-6.554,32.011,0.3213,-0.2413,0.5,850.3,2026-01-02,-14.48,53.47,0,0.0,HAAN
547,CREDITACC,CREDITACCESS GRAMEEN LIMITED,Financial Services,INE741K01010,EQ,1265.8,-0.1212,,-10.6389,-9.6133,7.4624,-19.9975,39.6643,0.6078,-0.2424,0.5,1763.5,2023-12-12,-28.22,45.29,0,0.0,HAAN
548,PGEL,PG Electroplast Limited,Consumer Durables,INE457L01029,EQ,527.65,-0.1221,,-2.2418,-10.645,16.1074,-8.8057,43.6086,0.7122,-0.2441,0.5,1023.7,2025-01-01,-48.46,98.93,0,0.0,HAAN
549,SFL,Sheela Foam Limited,Consumer Durables,INE916U01025,EQ,623.4,-0.1228,,-8.2628,-9.4728,24.9925,-16.7134,38.5634,0.5556,-0.2456,0.5,1972.2,2022-04-12,-68.39,19.44,0,0.0,HAAN
550,BPCL,Bharat Petroleum Corporation Limited,Oil Gas & Consumable Fuels,INE029A01011,EQ,300.5,-0.1228,,-8.8427,-7.1999,8.0352,-4.2841,29.304,0.2262,-0.2457,0.5,388.3,2026-02-09,-22.61,176.54,0,0.0,HAAN
551,PERSISTENT,Persistent Systems Limited,Information Technology,INE262H01021,EQ,5521.0,-0.1231,,8.2019,-4.2928,5.6105,13.0241,34.8844,0.4244,-0.1231,1.0,6674.2,2024-12-19,-17.28,290.18,0,0.0,HAAN
552,KRBL,KRBL Limited,Fast Moving Consumer Goods,INE001B01026,EQ,389.15,-0.1236,,7.3517,-4.8217,26.5528,4.751,39.024,0.577,-0.1236,1.0,664.1,2017-11-02,-41.4,24.83,0,0.0,HAAN
553,ALKEM,Alkem Laboratories Limited,Healthcare,INE540L01014,EQ,5292.0,-0.1271,,-3.9216,-5.5571,0.6466,-6.6255,21.8683,0.0295,-0.2541,0.5,6366.25,2024-09-13,-16.87,74.87,0,0.0,HAAN
554,POCL,Pondy Oxides & Chemicals Limited,,INE063E01061,EQ,447.25,-0.1316,,-7.5777,-11.6539,3.091,-21.7492,44.2702,0.7269,-0.2632,0.5,617.92,2026-05-15,-27.62,24.86,0,0.0,HAAN
555,JSWENERGY,JSW Energy Limited,Power,INE121E01018,EQ,494.9,-0.1336,,-6.3753,-7.9583,0.7738,-9.0592,29.7829,0.2477,-0.2672,0.5,792.05,2024-09-23,-37.52,106.2,0,0.0,HAAN
556,CRISIL,Crisil Limited,Financial Services,INE007A01025,EQ,4523.3,-0.136,,-4.7265,-7.4342,22.0567,15.0586,27.335,0.1486,-0.272,0.5,6653.1,2024-12-31,-32.01,27.68,0,0.0,HAAN
557,NIACL,The New India Assurance Company Limited,Financial Services,INE470Y01017,EQ,160.72,-0.1418,,-17.4101,-13.3248,30.4228,-13.1243,46.9973,0.8032,-0.2835,0.5,373.98,2018-05-29,-57.02,117.14,0,0.0,HAAN
558,GODREJIND,Godrej Industries Limited,Diversified,INE233A01035,EQ,1045.0,-0.1438,,-13.8144,-11.5922,24.124,-13.8358,40.2997,0.6238,-0.2876,0.5,1417.7,2026-07-10,-26.29,21.04,0,0.0,HAAN
559,PRESTIGE,Prestige Estates Projects Limited,Realty,INE811K01011,EQ,1467.7,-0.1439,,-4.3532,-9.7115,27.4045,-12.2871,33.7364,0.3855,-0.2879,0.5,2056.8,2024-06-24,-28.64,94.67,0,0.0,HAAN
560,MANKIND,Mankind Pharma Limited,Healthcare,INE634S01028,EQ,2500.0,-0.1458,,-1.0371,-7.683,25.0938,-1.0841,26.3552,0.1151,-0.2915,0.5,2998.4,2024-12-23,-16.62,111.27,0,0.0,HAAN
561,NAUKRI,Info Edge (India) Limited,Consumer Services,INE663F01032,EQ,1241.0,-0.1532,,-8.656,-9.4526,24.8742,7.0335,30.8545,0.2878,-0.3064,0.5,1805.1,2025-01-03,-31.25,240.75,0,0.0,HAAN
562,VBL,Varun Beverages Limited,Fast Moving Consumer Goods,INE200M01039,EQ,439.3,-0.1554,,-2.7775,-9.1965,8.8184,-9.2824,29.5831,0.2369,-0.3109,0.5,674.12,2024-07-29,-34.83,283.3,0,0.0,HAAN
563,POONAWALLA,Poonawalla Fincorp Limited,Financial Services,INE511C01022,EQ,460.45,-0.1555,,-6.6876,-11.3424,17.0735,-2.3953,36.4594,0.4846,-0.3111,0.5,542.5,2025-10-15,-15.12,60.8,0,0.0,HAAN
564,PCBL,PCBL Chemical Limited,Chemicals,INE602A01031,EQ,327.7,-0.1563,,-14.461,-14.3133,26.5593,4.0978,45.779,0.7751,-0.3127,0.5,577.6,2024-09-30,-43.27,68.66,0,0.0,HAAN
565,UNOMINDA,UNO Minda Limited,Automobile and Auto Components,INE405E01023,EQ,1120.0,-0.1589,,-14.2157,-10.6354,9.2257,-0.8147,33.4551,0.3775,-0.3179,0.5,1366.3,2025-10-07,-18.03,91.84,0,0.0,HAAN
566,ALKYLAMINE,Alkyl Amines Chemicals Limited,Chemicals,INE150B01039,EQ,1962.2,-0.1591,,-1.939,-13.2752,48.7642,9.2782,41.7173,0.6613,-0.3182,0.5,4622.65,2021-07-27,-57.55,32.81,0,0.0,HAAN
567,LTFOODS,LT Foods Limited,Fast Moving Consumer Goods,INE818H01020,EQ,408.15,-0.1592,,-4.1114,-11.9991,5.7246,6.9856,37.6937,0.5207,-0.3183,0.5,509.05,2025-07-17,-19.82,57.09,0,0.0,HAAN
568,AVANTEL,Avantel Limited,,INE005B01027,EQ,151.08,-0.1615,,-16.048,-14.5478,12.6706,-14.9564,45.0431,0.7483,-0.323,0.5,211.66,2025-10-06,-28.62,31.61,0,0.0,HAAN
569,PARAGMILK,Parag Milk Foods Limited,,INE883N01014,EQ,308.7,-0.1637,,12.459,-7.8462,59.5349,33.9437,47.9236,0.8206,-0.1637,1.0,371.6,2025-11-13,-16.93,34.77,0,0.0,HAAN
570,HONAUT,Honeywell Automation India Limited,Capital Goods,INE671A01010,EQ,33780.0,-0.1666,,-7.6418,-9.9601,25.6463,-11.4316,29.8974,0.253,-0.3331,0.5,58628.1,2024-07-04,-42.38,18.57,0,0.0,HAAN
571,GRAVITA,Gravita India Limited,Metals & Mining,INE024L01027,EQ,1500.9,-0.1674,,-5.8997,-12.1629,15.8907,-16.0289,36.3184,0.4806,-0.3349,0.5,2664.65,2024-09-17,-43.67,44.39,0,0.0,HAAN
572,TATAINVEST,Tata Investment Corporation Limited,Financial Services,INE672A01026,EQ,624.15,-0.1683,,-25.4479,-14.102,6.9483,-6.5434,41.9019,0.672,-0.3365,0.5,1058.0,2025-10-01,-41.01,68.39,0,0.0,HAAN
573,GENUSPOWER,Genus Power Infrastructures Limited,Capital Goods,INE955D01029,EQ,307.2,-0.1694,,-3.381,-14.171,31.5688,-0.7431,41.8363,0.6667,-0.3387,0.5,465.8,2024-08-29,-34.05,73.09,0,0.0,HAAN
574,SENCO,Senco Gold Limited,Consumer Durables,INE602W01027,EQ,318.75,-0.1725,,-7.8491,-14.6763,10.3705,-2.5974,42.5521,0.6854,-0.3449,0.5,738.8,2024-10-01,-56.86,67.74,0,0.0,HAAN
575,BAJAJHIND,Bajaj Hindusthan Sugar Limited,,INE306A01021,EQ,21.33,-0.1756,,4.3032,-7.3403,24.8829,22.0252,41.7921,0.6627,-0.1756,1.0,74.35,2011-07-04,-71.31,65.63,0,0.0,HAAN
576,ONESOURCE,Onesource Specialty Pharma Limited,Healthcare,INE013P01021,EQ,1535.8,-0.1832,,-11.9785,-15.8127,9.3485,-5.5938,43.1498,0.6975,-0.3665,0.5,2197.8,2025-06-30,-30.12,46.47,0,0.0,HAAN
577,360ONE,360 ONE WAM LIMITED,Financial Services,INE466L01038,EQ,1069.5,-0.1833,,4.6375,-5.181,14.5259,-7.0081,28.2661,0.1767,-0.1833,1.0,1297.15,2025-01-03,-17.55,122.29,0,0.0,HAAN
578,TEXRAIL,Texmaco Rail & Engineering Limited,Capital Goods,INE621L01012,EQ,117.38,-0.186,,-16.6394,-16.5662,30.9168,-1.1703,44.5213,0.7336,-0.3721,0.5,287.67,2024-07-12,-59.2,29.46,0,0.0,HAAN
579,SAGILITY,SAGILITY LIMITED,Information Technology,INE0W2G01015,EQ,43.88,-0.1869,,0.1369,-6.5189,5.1522,5.888,34.8708,0.423,-0.1869,1.0,54.58,2025-10-30,-19.6,100.06,0,0.0,HAAN
580,AMBER,Amber Enterprises India Limited,Consumer Durables,INE371P01015,EQ,6869.0,-0.1886,,-18.5993,-15.3855,9.3529,-9.9148,40.7833,0.6412,-0.3773,0.5,8842.5,2026-05-07,-22.32,175.8,0,0.0,HAAN
581,TITAGARH,TITAGARH RAIL SYSTEMS LIMITED,Capital Goods,INE615H01020,EQ,804.85,-0.1899,,-10.6467,-13.5077,30.8912,-5.4619,35.5718,0.4471,-0.3797,0.5,1859.85,2024-06-28,-56.73,40.14,0,0.0,HAAN
582,LICI,Life Insurance Corporation Of India,Financial Services,INE0J1Y01017,EQ,390.0,-0.1907,,-12.1819,-9.9056,6.1441,-10.4272,25.9698,0.1058,-0.3814,0.5,594.05,2024-07-30,-34.35,406.9,0,0.0,HAAN
583,ECLERX,eClerx Services Limited,Services,INE738I01010,EQ,1917.2,-0.1912,,-9.7151,-17.614,32.504,27.6856,46.0704,0.7831,-0.3823,0.5,2473.5,2026-02-03,-22.49,60.66,0,0.0,HAAN
584,SUNTV,Sun TV Network Limited,Media Entertainment & Publication,INE424H01027,EQ,632.1,-0.1921,,18.0613,-7.111,6.1728,24.564,37.0228,0.506,-0.1921,1.0,1079.15,2018-01-16,-41.43,74.21,0,0.0,HAAN
585,HOMEFIRST,Home First Finance Company India Limited,Financial Services,INE481N01025,EQ,1111.5,-0.1939,,-9.5164,-14.4444,15.8718,-8.1177,37.2496,0.5127,-0.3878,0.5,1479.0,2025-07-25,-24.85,25.19,0,0.0,HAAN
586,CYIENT,Cyient Limited,Information Technology,INE136B01020,EQ,1119.4,-0.1954,,-4.333,-13.3467,39.0818,31.9892,34.1598,0.3963,-0.3907,0.5,2388.1,2023-12-22,-53.13,91.64,0,0.0,HAAN
587,BLUEJET,Blue Jet Healthcare Limited,Healthcare,INE0KBH01020,EQ,538.15,-0.1964,,-19.0569,-18.4399,50.5947,-7.0793,46.9413,0.8019,-0.3928,0.5,1010.2,2025-07-18,-46.73,45.79,0,0.0,HAAN
588,APLLTD,Alembic Pharmaceuticals Limited,,INE901L01018,EQ,834.2,-0.1985,,-9.513,-10.7589,27.1259,0.5848,27.1006,0.1419,-0.397,0.5,1247.7,2024-09-11,-33.14,12.77,0,0.0,HAAN
589,CONCORDBIO,Concord Biotech Limited,Healthcare,INE338H01029,EQ,1368.8,-0.1992,,-13.8686,-15.986,33.5284,7.5593,40.1214,0.6171,-0.3984,0.5,2601.1,2024-09-20,-47.38,23.38,0,0.0,HAAN
590,REFEX,Refex Industries Limited,Utilities,INE056I01025,EQ,265.15,-0.2031,,-31.103,-20.8268,29.9436,-23.5879,51.2775,0.8862,-0.4062,0.5,573.75,2024-09-27,-53.79,16.23,0,0.0,HAAN
591,PICCADIL,Piccadily Agro Industries Limited,Fast Moving Consumer Goods,INE546C01010,EQ,594.2,-0.2051,,-15.4645,-16.5856,10.2105,-9.8946,40.4255,0.6292,-0.4103,0.5,784.5,2026-08-04,-24.26,20.18,0,0.0,HAAN
592,SUDARSCHEM,Sudarshan Chemical Industries Limited,Chemicals,INE659A01023,EQ,1238.6,-0.2061,,-14.0279,-16.3284,62.5033,34.0621,39.6211,0.6037,-0.4121,0.5,1523.8,2025-09-23,-18.72,45.47,0,0.0,HAAN
593,BHARTIARTL,Bharti Airtel Limited,Telecommunication,INE397D01024,EQ,1810.5,-0.208,,-6.4631,-8.7425,1.1622,-5.9871,21.0173,0.0201,-0.416,0.5,2162.7,2025-11-21,-16.29,1193.51,0,0.0,HAAN
594,BALKRISIND,Balkrishna Industries Limited,Automobile and Auto Components,INE787D01026,EQ,2082.7,-0.2112,,-12.7117,-14.1433,0.7498,-7.6408,33.4789,0.3788,-0.4225,0.5,3345.85,2024-08-01,-37.75,113.68,0,0.0,HAAN
595,ICICIBANK,ICICI Bank Limited,Financial Services,INE090A01021,EQ,1342.8,-0.2159,,-2.3986,-8.4195,10.4458,-5.0823,19.4983,0.008,-0.4318,0.5,1488.6,2025-07-23,-9.79,1468.78,0,0.0,HAAN
596,INDIGO,InterGlobe Aviation Limited,Services,INE646L01027,EQ,5050.5,-0.216,,-10.9966,-14.7144,20.4364,-6.3855,34.0667,0.3936,-0.4319,0.5,6155.5,2025-08-20,-17.95,369.59,0,0.0,HAAN
597,KIRLOSBROS,Kirloskar Brothers Limited,Capital Goods,INE732A01036,EQ,1745.3,-0.2171,,-11.3521,-16.4996,24.318,-5.9746,38.0053,0.5341,-0.4341,0.5,2603.15,2024-07-05,-32.95,13.78,0,0.0,HAAN
598,LXCHEM,Laxmi Organic Industries Limited,Chemicals,INE576O01020,EQ,188.86,-0.2233,,-13.7626,-19.5877,60.0508,21.3129,43.8557,0.7189,-0.4466,0.5,598.1,2021-09-15,-68.42,29.24,0,0.0,HAAN
599,BORORENEW,BOROSIL RENEWABLES LIMITED,Capital Goods,INE666D01022,EQ,449.85,-0.2288,,-21.8603,-18.7185,8.476,-26.1148,40.9073,0.6452,-0.4576,0.5,782.35,2022-04-22,-42.5,33.26,0,0.0,HAAN
600,HINDPETRO,Hindustan Petroleum Corporation Limited,Oil Gas & Consumable Fuels,INE094A01015,EQ,351.0,-0.2298,,-17.1192,-16.1894,7.6687,-13.5361,35.2222,0.4324,-0.4596,0.5,499.05,2025-12-31,-29.67,205.3,0,0.0,HAAN
601,POLYMED,Poly Medicure Limited,Healthcare,INE205C01021,EQ,1633.8,-0.2438,,-19.5885,-20.7563,22.4554,-2.1501,42.5696,0.6867,-0.4876,0.5,3128.9,2024-11-01,-47.78,25.47,0,0.0,HAAN
602,RHIM,RHI MAGNESITA INDIA LIMITED,Capital Goods,INE743M01012,EQ,373.4,-0.2443,,-17.2887,-19.8092,2.5824,-2.811,40.5375,0.6305,-0.4887,0.5,877.2,2023-01-05,-57.43,34.29,0,0.0,HAAN
603,MANINFRA,Man Infraconstruction Limited,,INE949H01023,EQ,123.24,-0.2454,,-18.1456,-19.1947,44.1741,20.5989,39.1075,0.581,-0.4908,0.5,255.26,2024-12-27,-51.72,24.85,0,0.0,HAAN
604,ELECON,Elecon Engineering Company Limited,Capital Goods,INE205B01031,EQ,446.3,-0.2467,,-23.6376,-22.7711,14.9813,-12.3613,46.1436,0.7858,-0.4935,0.5,731.25,2024-10-16,-38.97,54.84,0,0.0,HAAN
605,MOSCHIP,Moschip Technologies Limited,,INE935B01025,EQ,197.7,-0.2473,,-21.1093,-23.2941,18.7887,-12.4834,47.0939,0.8072,-0.4946,0.5,283.78,2025-10-08,-30.33,65.17,0,0.0,HAAN
606,DEEPAKNTR,Deepak Nitrite Limited,Chemicals,INE288B01029,EQ,1560.6,-0.2494,,-16.1824,-14.5518,13.2757,-3.2546,29.1732,0.2195,-0.4988,0.5,3102.6,2024-08-07,-49.7,58.09,0,0.0,HAAN
607,BRIGADE,Brigade Enterprises Limited,Realty,INE791I01019,EQ,569.1,-0.2502,,-17.5621,-18.3285,10.3629,10.2053,36.621,0.4913,-0.5005,0.5,1073.36,2024-10-01,-46.98,37.13,0,0.0,HAAN
608,BALUFORGE,Balu Forge Industries Limited,Capital Goods,INE011E01029,EQ,526.95,-0.2505,,-18.6743,-25.8388,22.6035,16.2988,51.5736,0.8929,-0.501,0.5,854.35,2024-09-09,-38.32,77.73,0,0.0,HAAN
609,DLF,DLF Limited,Realty,INE271C01023,EQ,666.1,-0.2533,,-7.6208,-15.2662,27.5443,2.3038,30.1355,0.261,-0.5066,0.5,948.25,2024-04-01,-29.75,260.24,0,0.0,HAAN
610,SRF,SRF Limited,Chemicals,INE647A01010,EQ,2470.0,-0.2557,,-14.2093,-15.183,2.2309,-12.1184,29.6855,0.2436,-0.5115,0.5,3286.5,2025-07-08,-24.84,96.07,0,0.0,HAAN
611,CAMS,Computer Age Management Services Limited,Financial Services,INE596I01020,EQ,693.9,-0.2608,,-10.3118,-15.1514,4.9932,-10.649,29.047,0.2169,-0.5216,0.5,1055.24,2024-12-12,-34.24,93.77,0,0.0,HAAN
612,PROTEAN,Protean eGov Technologies Limited,,INE004A01022,EQ,689.25,-0.2623,,-23.6161,-24.3311,40.7351,16.8517,46.387,0.7965,-0.5245,0.5,1470.7,2025-04-21,-53.13,49.33,0,0.0,HAAN
613,POWERMECH,Power Mech Projects Limited,Construction,INE211R01019,EQ,2426.0,-0.2633,,-13.1649,-20.2328,28.1293,-6.4332,38.4174,0.5462,-0.5267,0.5,3506.35,2024-08-26,-30.81,15.43,0,0.0,HAAN
614,ULTRACEMCO,UltraTech Cement Limited,Construction Materials,INE481G01011,EQ,10750.0,-0.2733,,-11.457,-12.6802,1.2241,-7.7174,23.1976,0.0509,-0.5466,0.5,13052.0,2026-02-18,-17.64,317.14,0,0.0,HAAN
615,BERGEPAINT,Berger Paints (I) Limited,Consumer Durables,INE463A01038,EQ,472.55,-0.2751,,-11.041,-15.4105,11.9124,-7.1063,28.0119,0.1714,-0.5501,0.5,720.79,2021-07-20,-34.44,19.58,0,0.0,HAAN
616,BECTORFOOD,Mrs. Bectors Food Specialities Limited,Fast Moving Consumer Goods,INE495P01020,EQ,212.16,-0.2751,,-19.1278,-22.7747,12.1531,22.5438,41.3925,0.6546,-0.5502,0.5,423.14,2024-09-20,-49.86,120.17,0,0.0,HAAN
617,EIEL,Enviro Infra Engineers Limited,Utilities,INE0LLY01014,EQ,185.54,-0.2753,,-26.7104,-25.8291,10.3616,-19.8497,46.9185,0.8005,-0.5505,0.5,380.59,2024-12-17,-51.25,29.39,0,0.0,HAAN
618,GODREJPROP,Godrej Properties Limited,Realty,INE484J01027,EQ,1610.0,-0.2809,,-18.1661,-20.0134,6.7427,-21.1982,35.619,0.4485,-0.5619,0.5,3381.4,2024-07-16,-52.39,132.56,0,0.0,HAAN
619,JUSTDIAL,Just Dial Limited,Consumer Services,INE599M01018,EQ,658.95,-0.2931,,-19.6549,-22.4354,27.8646,18.7404,38.2733,0.5395,-0.5862,0.5,1850.8,2014-08-05,-64.4,137.9,0,0.0,HAAN
620,VIMTALABS,Vimta Labs Limited,,INE579C01029,EQ,577.4,-0.2955,,-23.0902,-25.9566,41.1909,4.4029,43.9259,0.7202,-0.5909,0.5,877.2,2025-09-05,-34.18,23.62,0,0.0,HAAN
621,CIPLA,Cipla Limited,Healthcare,INE059A01026,EQ,1340.2,-0.297,,-11.2274,-12.3242,12.3952,-7.687,20.7487,0.0174,-0.594,0.5,1680.5,2024-10-09,-20.25,145.99,0,0.0,HAAN
622,CDSL,Central Depository Services (India) Limited,Financial Services,INE736A01011,EQ,1263.4,-0.3004,,-15.4803,-18.844,6.4992,-7.1029,31.3681,0.3052,-0.6007,0.5,1964.05,2024-12-17,-35.67,195.28,0,0.0,HAAN
623,BLUESTARCO,Blue Star Limited,Consumer Durables,INE472A01039,EQ,1571.5,-0.3017,,-18.4611,-19.6634,2.8267,-2.1116,32.5919,0.34,-0.6033,0.5,2337.55,2025-01-03,-32.77,85.39,0,0.0,HAAN
624,PAGEIND,Page Industries Limited,Textiles,INE761H01022,EQ,37970.0,-0.3115,,-10.9208,-15.283,11.8574,-9.1192,24.5279,0.079,-0.6231,0.5,53795.8,2022-10-20,-29.42,110.93,0,0.0,HAAN
625,BAJAJFINSV,Bajaj Finserv Limited,Financial Services,INE918I01026,EQ,1752.4,-0.313,,-13.9124,-15.3296,6.8081,-7.0493,24.4882,0.0776,-0.626,0.5,2176.6,2025-10-23,-19.49,201.95,0,0.0,HAAN
626,TIMETECHNO,Time Technoplast Limited,Capital Goods,INE508G01029,EQ,183.07,-0.3184,,-17.9794,-22.9406,8.4538,3.9521,36.026,0.4645,-0.6368,0.5,250.62,2024-12-11,-26.95,67.28,0,0.0,HAAN
627,FSL,Firstsource Solutions Limited,Services,INE684F01012,EQ,260.25,-0.3209,,-26.7108,-31.6513,19.5013,6.7692,49.3109,0.8454,-0.6419,0.5,406.75,2025-01-07,-36.02,96.2,0,0.0,HAAN
628,ELLEN,Ellenbarrie Industrial Gases Limited,Chemicals,INE236E01022,EQ,348.2,-0.3218,,-29.9467,-33.1191,75.9652,34.7002,51.4563,0.8889,-0.6436,0.5,613.3,2025-07-10,-43.23,31.89,0,0.0,HAAN
629,TANLA,Tanla Platforms Limited,Information Technology,INE483C01032,EQ,492.15,-0.324,,-31.7075,-28.9165,16.4163,-10.0356,44.6285,0.7363,-0.6479,0.5,2061.7,2022-01-14,-76.13,64.98,0,0.0,HAAN
630,DIXON,Dixon Technologies (India) Limited,Consumer Durables,INE935N01020,EQ,13015.0,-0.328,,-28.4969,-25.5905,31.193,-1.7142,39.0154,0.5756,-0.6559,0.5,18940.15,2024-12-17,-31.28,590.35,0,0.0,HAAN
631,NAVA,NAVA LIMITED,Power,INE725A01030,EQ,575.0,-0.3303,,-17.1171,-23.4537,2.6602,-4.754,35.5072,0.4444,-0.6605,0.5,730.4,2026-05-11,-21.28,16.09,0,0.0,HAAN
632,SUMICHEM,Sumitomo Chemical India Limited,Chemicals,INE258G01013,EQ,418.05,-0.331,,-24.7841,-23.1689,9.066,-11.6827,34.997,0.4257,-0.662,0.5,652.25,2025-07-30,-35.91,25.56,0,0.0,HAAN
633,TRENT,Trent Limited,Consumer Services,INE849A01020,EQ,2906.0,-0.3338,,-8.0865,-23.4253,22.768,-0.7446,35.0876,0.4284,-0.6676,0.5,5489.97,2024-10-11,-47.07,288.08,0,0.0,HAAN
634,HDFCAMC,HDFC Asset Management Company Limited,Financial Services,INE127D01025,EQ,2352.4,-0.3368,,-18.1916,-21.2889,0.1618,-15.4847,31.604,0.3092,-0.6736,0.5,2946.0,2025-08-25,-20.15,211.06,0,0.0,HAAN
635,DEVYANI,Devyani International Limited,Consumer Services,INE872J01023,EQ,129.53,-0.3377,,-25.2223,-26.134,34.3254,11.3088,38.6966,0.5636,-0.6754,0.5,224.7,2023-09-11,-42.35,53.89,0,0.0,HAAN
636,MOBIKWIK,One Mobikwik Systems Limited,,INE0HLU01028,EQ,242.14,-0.3417,,-7.8405,-34.0446,42.385,21.0882,49.8151,0.8541,-0.6834,0.5,638.65,2024-12-26,-62.09,67.62,0,0.0,HAAN
637,OLECTRA,Olectra Greentech Limited,Automobile and Auto Components,INE260D01016,EQ,1102.9,-0.3433,,-31.5734,-29.4846,8.1169,-22.1006,42.9425,0.6948,-0.6866,0.5,2135.1,2024-02-19,-48.34,48.76,0,0.0,HAAN
638,HERITGFOOD,Heritage Foods Limited,Fast Moving Consumer Goods,INE978A01027,EQ,406.1,-0.3451,,-17.7852,-23.7892,30.1811,22.8001,34.4662,0.407,-0.6902,0.5,855.1,2017-12-21,-52.51,19.58,0,0.0,HAAN
639,SONATSOFTW,Sonata Software Limited,Information Technology,INE269A01021,EQ,252.05,-0.3455,,-31.5639,-31.573,8.7407,-9.95,45.6894,0.7724,-0.691,0.5,857.65,2024-02-27,-70.61,61.26,0,0.0,HAAN
640,BAJAJHLDNG,Bajaj Holdings & Investment Limited,Financial Services,INE118A01012,EQ,10600.0,-0.3486,,-17.8231,-19.804,17.876,-1.4778,28.406,0.1888,-0.6972,0.5,14523.0,2025-08-18,-27.01,52.73,0,0.0,HAAN
641,AADHARHFC,Aadhar Housing Finance Limited,Financial Services,INE883F01010,EQ,453.8,-0.3534,,-13.8573,-18.8655,3.3478,-16.856,26.6927,0.1258,-0.7068,0.5,556.5,2026-07-06,-18.45,16.87,0,0.0,HAAN
642,JUBLFOOD,Jubilant Foodworks Limited,Consumer Services,INE797F01020,EQ,449.75,-0.3605,,-27.658,-23.5853,0.7166,-1.143,32.7161,0.3467,-0.7209,0.5,905.14,2021-10-13,-50.31,103.94,0,0.0,HAAN
643,CONCOR,Container Corporation of India Limited,Services,INE111A01025,EQ,445.85,-0.3606,,-15.8377,-19.8004,1.5026,-5.6901,27.4522,0.1513,-0.7213,0.5,939.4,2024-06-03,-52.54,93.77,0,0.0,HAAN
644,INDHOTEL,The Indian Hotels Company Limited,Consumer Services,INE053A01029,EQ,736.0,-0.3622,,0.5258,-9.0851,26.2977,-1.3339,25.0846,0.0857,-0.3622,1.0,889.65,2024-12-30,-17.27,169.37,0,0.0,HAAN
645,SAPPHIRE,Sapphire Foods India Limited,Consumer Services,INE806T01020,EQ,215.16,-0.3634,,-30.1542,-32.9372,39.7415,13.9136,45.3182,0.7631,-0.7268,0.5,381.6,2024-09-26,-43.62,39.8,0,0.0,HAAN
646,JMFINANCIL,JM Financial Limited,Financial Services,INE780C01023,EQ,124.0,-0.3644,,-25.0166,-28.8878,3.2043,-5.4518,39.6395,0.6064,-0.7288,0.5,193.02,2025-08-22,-35.76,35.5,0,0.0,HAAN
647,AAVAS,Aavas Financiers Limited,Financial Services,INE216P01012,EQ,1215.1,-0.3661,,-25.3899,-22.2741,6.7188,-19.3268,30.4214,0.2677,-0.7322,0.5,3195.8,2022-02-02,-61.98,13.59,0,0.0,HAAN
648,MGL,Mahanagar Gas Limited,Oil Gas & Consumable Fuels,INE002S01010,EQ,1039.8,-0.3689,,-17.7113,-21.8014,9.0909,-8.2826,29.5529,0.2356,-0.7377,0.5,1964.95,2024-09-26,-47.08,26.25,0,0.0,HAAN
649,MANYAVAR,Vedant Fashions Limited,Consumer Services,INE825V01034,EQ,505.4,-0.3715,,-28.1081,-25.5843,36.9648,27.9332,34.4333,0.4043,-0.743,0.5,1469.1,2022-10-07,-65.6,60.43,0,0.0,HAAN
650,WHIRLPOOL,Whirlpool of India Limited,Consumer Durables,INE716A01013,EQ,867.8,-0.3772,,-30.5204,-31.3239,6.557,8.1775,41.5238,0.6586,-0.7544,0.5,2681.45,2021-01-21,-67.64,111.12,0,0.0,HAAN
651,HDBFS,HDB Financial Services Limited,Financial Services,INE756I01012,EQ,616.75,-0.3774,,-19.5998,-19.4286,6.6027,-16.3729,25.7374,0.1017,-0.7549,0.5,864.0,2025-07-03,-28.62,41.41,0,0.0,HAAN
652,NUVOCO,Nuvoco Vistas Corporation Limited,Construction Materials,INE118D01016,EQ,326.5,-0.3857,,-26.173,-27.3386,11.4715,3.5358,35.4391,0.4391,-0.7714,0.5,567.4,2021-09-06,-42.46,60.76,0,0.0,HAAN
653,SAMHI,Samhi Hotels Limited,Consumer Services,INE08U801020,EQ,149.73,-0.3914,,-27.0215,-28.9822,9.5078,-13.8245,37.0236,0.5074,-0.7828,0.5,248.97,2025-07-21,-39.86,18.87,0,0.0,HAAN
654,AFFLE,Affle 3i Limited,Information Technology,INE00WC01027,EQ,1450.2,-0.4002,,-29.6941,-26.4348,2.0118,-1.5278,33.0309,0.3601,-0.8003,0.5,2146.7,2025-09-22,-32.45,58.02,0,0.0,HAAN
655,ARE&M,Amara Raja Energy & Mobility Limited,Automobile and Auto Components,INE885A01032,EQ,742.9,-0.4011,,-24.3136,-24.8315,2.0467,-11.8324,30.9506,0.2932,-0.8023,0.5,1714.95,2024-07-01,-56.68,76.23,0,0.0,HAAN
656,CHOLAHLDNG,Cholamandalam Financial Holdings Limited,Financial Services,INE149A01033,EQ,1424.6,-0.4047,,-23.7774,-28.7486,1.983,-16.1655,35.5166,0.4458,-0.8094,0.5,2166.0,2025-06-30,-34.23,28.35,0,0.0,HAAN
657,SOBHA,Sobha Limited,Realty,INE671H01015,EQ,1190.7,-0.4141,,-23.6584,-25.201,2.9305,-18.1199,30.43,0.2704,-0.8282,0.5,2181.15,2024-06-14,-45.41,21.49,0,0.0,HAAN
658,SWSOLAR,Sterling and Wilson Renewable Energy Limited,Construction,INE00M201021,EQ,172.54,-0.4158,,-31.4501,-35.9805,4.279,-28.1323,43.2705,0.7015,-0.8315,0.5,820.65,2024-05-18,-78.98,25.91,0,0.0,HAAN
659,MPHASIS,MphasiS Limited,Information Technology,INE356A01018,EQ,2298.0,-0.4259,,-15.4339,-25.4316,3.9866,-3.2258,29.8539,0.2517,-0.8519,0.5,3546.45,2021-10-19,-35.2,122.48,0,0.0,HAAN
660,APTUS,Aptus Value Housing Finance India Limited,Financial Services,INE852O01025,EQ,223.9,-0.428,,-29.291,-27.9302,12.2756,-21.5762,32.6263,0.344,-0.8561,0.5,390.4,2022-02-02,-42.65,34.15,0,0.0,HAAN
661,HYUNDAI,Hyundai Motor India Limited,Automobile and Auto Components,INE0V6F01027,EQ,1989.0,-0.4453,,-27.3265,-24.6288,16.2138,0.4292,27.6571,0.1566,-0.8905,0.5,2809.3,2025-09-19,-29.2,162.67,0,0.0,HAAN
662,MASTEK,Mastek Limited,Information Technology,INE759A01021,EQ,1616.3,-0.4521,,-25.8374,-36.865,7.1604,-1.4451,40.7669,0.6386,-0.9043,0.5,3437.55,2021-10-19,-52.98,38.89,0,0.0,HAAN
663,NEWGEN,Newgen Software Technologies Limited,Information Technology,INE619B01017,EQ,456.6,-0.4641,,-49.7938,-48.3618,3.6902,-4.875,52.1005,0.8996,-0.9282,0.5,1755.9,2025-01-15,-74.0,149.75,0,0.0,HAAN
664,HEXT,Hexaware Technologies Limited,Information Technology,INE093A01041,EQ,500.3,-0.4755,,-26.5992,-36.4404,12.6929,-7.5231,38.3178,0.5422,-0.951,0.5,890.95,2025-07-09,-43.85,31.87,0,0.0,HAAN
665,GSFC,Gujarat State Fertilizers & Chemicals Limited,Chemicals,INE026A01025,EQ,153.47,-0.5109,,-23.3952,-27.2762,1.0336,-4.6948,26.6955,0.1272,-1.0218,0.5,318.1,2024-01-20,-51.75,12.79,0,0.0,HAAN
666,COHANCE,Cohance Lifesciences Limited,Healthcare,INE03QK01018,EQ,457.0,-0.5128,,-49.2166,-50.3342,48.7388,3.3119,49.0783,0.8367,-1.0256,0.5,1334.2,2024-11-05,-65.75,49.62,0,0.0,HAAN
667,MAPMYINDIA,C.E. Info Systems Limited,Information Technology,INE0BV301023,EQ,896.6,-0.525,,-44.9905,-47.5059,2.3867,-6.1889,45.2429,0.759,-1.05,0.5,2531.5,2024-06-21,-64.58,53.09,0,0.0,HAAN
668,CLEAN,Clean Science and Technology Limited,Chemicals,INE227W01023,EQ,823.15,-0.5337,,-26.4716,-34.5693,15.8877,2.3946,32.3878,0.3333,-1.0674,0.5,2661.85,2022-01-04,-69.08,31.09,0,0.0,HAAN
669,AWL,AWL Agri Business Limited,Fast Moving Consumer Goods,INE699H01024,EQ,185.93,-0.5602,,-28.9394,-30.4083,1.2084,0.3021,27.1405,0.1432,-1.1204,0.5,841.0,2022-04-27,-77.89,53.71,0,0.0,HAAN
670,ITCHOTELS,ITC Hotels Limited,Consumer Services,INE379A01028,EQ,160.21,-0.5731,,-30.1003,-34.3205,8.1842,-14.2299,29.9405,0.2544,-1.1463,0.5,254.75,2025-07-18,-37.11,35.58,0,0.0,HAAN
671,BAJAJHFL,Bajaj Housing Finance Limited,Financial Services,INE377Y01014,EQ,82.36,-0.6432,,-25.9752,-28.1185,5.5897,-6.9694,21.8582,0.0281,-1.2864,0.5,181.5,2024-09-17,-54.62,25.46,0,0.0,HAAN
672,LEMONTREE,Lemon Tree Hotels Limited,Consumer Services,INE970X01018,EQ,110.12,-0.6444,,-35.0401,-39.6851,1.7369,-8.705,30.7899,0.2838,-1.2889,0.5,177.93,2025-09-08,-38.11,35.22,0,0.0,HAAN
,TEJASNET,Tejas Networks Limited,Telecommunication,INE010J01012,EQ,475.85,-0.176,,-18.3581,-20.1918,13.5003,-12.9994,57.379,0.9572,-0.3519,0.5,1452.25,2024-07-03,-67.23,159.7,0,0.0,NAHI
,STYLEBAAZA,Baazar Style Retail Limited,,INE01FR01028,EQ,375.45,0.1277,,5.0651,7.2886,24.5274,21.4066,57.0833,0.9518,0.1277,1.0,439.6,2026-08-20,-14.59,41.37,0,0.056,NAHI
,MARINE,Marine Electricals (India) Limited,,INE01JE01028,EQ,478.85,1.8473,,120.8005,96.8193,177.9164,88.3382,52.4106,0.9076,1.8473,1.0,478.85,2026-10-06,0.0,57.17,0,0.0,NAHI
,AEROFLEX,Aeroflex Industries Limited,Capital Goods,INE024001021,EQ,560.75,2.8697,,202.3074,170.0258,121.8244,35.6106,59.2493,0.9813,2.8697,1.0,573.5,2026-09-08,-2.22,70.92,0,0.0,NAHI
,GOLDIAM,Goldiam International Limited,Consumer Durables,INE025B01025,EQ,317.5,0.0584,,13.9985,3.1683,45.176,-5.9782,54.2127,0.9264,0.0584,1.0,406.91,2025-02-04,-21.97,36.67,0,0.0,NAHI
,IFCI,IFCI Limited,Financial Services,INE039A01010,EQ,65.51,0.3503,,18.8498,19.1119,24.9237,-12.0199,54.5563,0.9331,0.3503,1.0,102.51,2026-09-07,-36.09,524.38,0,0.0,NAHI
,FCL,Fineotex Chemical Limited,,INE045J01034,EQ,59.2,2.3275,,141.3175,141.6028,179.3771,58.9262,60.8403,0.9906,2.3275,1.0,60.48,2026-09-25,-2.12,94.05,0,0.0,NAHI
,BALAMINES,Balaji Amines Limited,Chemicals,INE050E01027,EQ,2287.7,0.7381,,55.4144,42.1904,114.7168,10.6345,57.1582,0.9531,0.7381,1.0,4974.8,2021-09-14,-54.01,68.82,0,0.0,NAHI
,EMBDL,Embassy Developments Limited,Realty,INE069I01010,EQ,57.33,-0.4437,,-38.6188,-46.2336,31.7931,-7.308,52.1029,0.9009,-0.8874,0.5,266.15,2017-08-07,-78.46,16.5,0,0.026,NAHI
,ZAGGLE,Zaggle Prepaid Ocean Services Limited,Information Technology,INE07K301024,EQ,171.88,-0.0,,-52.1292,-50.7919,-26.8347,-16.3397,57.3682,0.9558,-0.8854,0.0,581.7,2024-12-16,-70.45,46.65,0,0.0,NAHI
,MOREPENLAB,Morepen Laboratories Limited,,INE083A01026,EQ,143.96,2.2336,,186.83,123.5784,280.7458,135.2672,55.3267,0.9411,2.2336,1.0,143.96,2026-10-06,0.0,207.43,0,0.0,NAHI
,THANGAMAYL,Thangamayil Jewellery Limited,Consumer Durables,INE085J01014,EQ,4758.5,2.1801,,130.5363,130.9873,34.2768,-25.3334,60.0831,0.9866,2.1801,1.0,7309.5,2026-07-27,-34.9,109.07,0,0.0,NAHI
,ATALREAL,Atal Realtech Limited,,INE0ALR01029,EQ,12.36,-0.0,,-41.5879,-30.7169,-49.3443,-56.7983,63.3451,0.9973,-0.4849,0.0,36.13,2026-08-14,-65.79,28.89,0,0.024,NAHI
,KMEW,Knowledge Marine & Engineering Works Limited,Services,INE0CJD01029,EQ,3202.3,2.2014,,154.4739,129.4819,101.9232,40.1751,58.8191,0.9746,2.2014,1.0,3202.3,2026-10-06,0.0,33.4,0,0.0,NAHI
,ARIS,Arisinfra Solutions Limited,,INE0H9P01028,EQ,143.66,-0.155,,-9.2311,-16.3027,38.7751,28.2221,52.5966,0.9103,-0.31,0.5,177.15,2025-06-27,-18.9,23.07,0,0.0,NAHI
,IXIGO,Le Travenues Technology Limited,Consumer Services,INE0HV901016,EQ,160.13,-0.0,,-42.6571,-43.1108,-3.8893,-25.0258,53.9806,0.921,-0.7986,0.0,335.55,2025-10-16,-52.28,20.51,0,0.0,NAHI
,JSLL,Jeena Sikho Lifecare Limited,Consumer Services,INE0J5801029,EQ,441.25,-0.0,,-45.9914,-38.8747,-27.2585,-22.642,54.5388,0.9317,-0.7128,0.0,837.95,2025-09-17,-47.34,29.27,0,0.0,NAHI
,YATRA,Yatra Online Limited,,INE0JR601024,EQ,101.48,-0.2826,,-30.0138,-33.2173,2.3087,-10.139,58.7799,0.9732,-0.5651,0.5,191.34,2025-11-13,-46.96,17.54,0,0.0,NAHI
,AVALON,Avalon Technologies Limited,Capital Goods,INE0LCL01028,EQ,2400.4,2.4446,,140.8589,133.6367,156.0017,46.3748,54.6666,0.9371,2.4446,1.0,2537.7,2026-09-18,-5.41,119.98,0,0.0,NAHI
,QUADFUTURE,Quadrant Future Tek Limited,,INE0LRY01011,EQ,547.4,0.3654,,34.1831,21.6386,91.0979,23.1219,59.227,0.9786,0.3654,1.0,715.65,2025-02-06,-23.51,58.4,0,0.0,NAHI
,OLAELEC,Ola Electric Mobility Limited,Automobile and Auto Components,INE0LXG01040,EQ,35.96,-0.2985,,-35.8315,-34.3961,26.8878,-15.1887,57.6228,0.9612,-0.5969,0.5,146.38,2024-08-19,-75.43,262.48,0,0.0,NAHI
,NETWEB,Netweb Technologies India Limited,Information Technology,INE0NT901020,EQ,4746.2,0.9358,,31.3463,50.3276,50.4342,12.1821,53.7799,0.9183,0.9358,1.0,5601.0,2026-08-21,-15.26,694.39,0,0.0,NAHI
,ROSSTECH,Rossell Techsys Limited,,INE0OJW01016,EQ,1612.1,1.4317,,108.7131,87.4941,122.635,66.6081,61.111,0.992,1.4317,1.0,1612.1,2026-10-06,0.0,41.43,0,0.0,NAHI
,QPOWER,Quality Power Electrical Equipments Limited,Capital Goods,INE0SII01026,EQ,1648.8,1.111,,62.3074,61.0659,89.1585,48.6745,54.9667,0.9398,1.111,1.0,1648.8,2026-10-06,0.0,34.66,0,0.008,NAHI
,63MOONS,63 moons technologies limited,,INE111B01023,EQ,792.95,-0.1083,,-10.8845,-11.3206,59.9818,11.2678,52.2488,0.9036,-0.2167,0.5,1197.2,2012-11-13,-33.77,69.77,0,0.0,NAHI
,IBULLSLTD,Indiabulls Limited,,INE126M01010,EQ,30.95,1.0494,,65.0667,61.8141,193.9221,6.5404,58.9042,0.9759,1.0494,1.0,663.35,2018-09-10,-95.33,35.99,3,0.016,NAHI
,EBGNG,GNG Electronics Limited,Information Technology,INE18JU01028,EQ,685.15,1.3779,,94.4791,72.0154,86.1821,10.0996,52.2639,0.905,1.3779,1.0,715.15,2026-09-23,-4.19,44.64,0,0.0,NAHI
,RAYMONDREL,Raymond Realty Limited,,INE1SY401010,EQ,707.8,0.0815,,12.1712,4.7638,72.1304,5.3352,58.4669,0.9665,0.0815,1.0,969.2,2025-07-01,-26.97,80.89,0,0.0,NAHI
,KERNEX,Kernex Microsystems (India) Limited,,INE202H01019,EQ,1749.7,0.8607,,59.0203,54.1326,82.5552,-20.1123,62.8944,0.996,0.8607,1.0,2549.2,2026-08-05,-31.36,59.78,0,0.0,NAHI
,RICOAUTO,Rico Auto Industries Limited,,INE209B01025,EQ,121.83,0.3736,,25.5591,20.9497,12.0276,-6.9645,56.0821,0.9438,0.3736,1.0,155.81,2026-08-05,-21.81,23.68,0,0.0,NAHI
,SPARC,Sun Pharma Advanced Research Company Limited,Healthcare,INE232I01014,EQ,196.89,0.73,,45.06,40.9953,58.7055,-26.0757,56.1573,0.9451,0.73,1.0,543.65,2015-03-09,-63.78,27.85,0,0.0,NAHI
,RAMCOSYS,Ramco Systems Limited,,INE246B01019,EQ,563.5,0.0433,,17.0058,2.7145,54.3624,-35.9695,62.6605,0.9946,0.0433,1.0,1065.3,2015-08-04,-47.1,33.26,0,0.008,NAHI
,JINDWORLD,Jindal Worldwide Limited,,INE247D01039,EQ,45.39,0.3995,,23.7459,24.6225,125.3724,53.7081,61.6264,0.9933,0.3995,1.0,92.1,2023-01-04,-50.72,103.84,0,0.0,NAHI
,UNIVCABLES,Universal Cables Limited,,INE279A01012,EQ,1649.2,1.3716,,120.0694,79.6903,145.7641,48.5766,58.1011,0.9625,1.3716,1.0,1745.0,2026-08-18,-5.49,26.55,0,0.0,NAHI
,CARTRADE,Cartrade Tech Limited,Consumer Services,INE290S01011,EQ,2911.7,0.3774,,18.6367,20.2246,71.7209,4.6095,53.5935,0.9157,0.3774,1.0,3268.0,2025-11-17,-10.9,152.3,0,0.0,NAHI
,GRWRHITECH,Garware Hi-Tech Films Limited,Capital Goods,INE291A01017,EQ,7102.5,1.8758,,128.1854,98.6357,91.7832,1.9815,52.5823,0.909,1.8758,1.0,7409.5,2026-08-05,-4.14,46.32,0,0.0,NAHI
,SMLMAH,SML Mahindra Limited,Capital Goods,INE294B01019,EQ,6135.5,1.3354,,86.9269,78.2041,51.0835,59.8952,58.5623,0.9692,1.3354,1.0,6825.5,2026-09-25,-10.11,89.26,0,0.0,NAHI
,NACLIND,NACL Industries Limited,,INE295D01020,EQ,136.63,-0.0,,-40.7117,-41.5664,-1.1003,-37.9039,55.6226,0.9424,-0.7473,0.0,323.3,2025-07-31,-57.74,19.63,0,0.008,NAHI
,BLUESTONE,BlueStone Jewellery and Lifestyle Limited,Consumer Durables,INE304W01038,EQ,813.85,0.5827,,41.0241,30.4571,90.352,40.5735,52.2709,0.9063,0.5827,1.0,930.4,2026-09-22,-12.53,356.43,0,0.0,NAHI
,ASHAPURMIN,Ashapura Minechem Limited,Metals & Mining,INE348A01023,EQ,502.9,-0.1708,,-22.6248,-18.4687,2.706,-20.3453,54.0573,0.9237,-0.3416,0.5,902.45,2026-01-07,-44.27,28.14,0,0.0,NAHI
,IDEAFORGE,Ideaforge Technology Limited,,INE349Y01013,EQ,723.4,0.6243,,37.3588,34.082,82.5846,-13.9271,54.5884,0.9344,0.6243,1.0,1294.95,2023-07-07,-44.14,24.83,0,0.008,NAHI
,OPTIEMUS,Optiemus Infracom Limited,,INE350C01017,EQ,889.9,0.4276,,30.6659,24.1588,186.2796,70.8717,56.5012,0.9491,0.4276,1.0,889.9,2026-10-06,0.0,63.31,0,0.0,NAHI
,PFOCUS,Prime Focus Limited,Media Entertainment & Publication,INE367G01038,EQ,292.7,0.6206,,53.8906,66.2184,-11.6244,24.3468,53.3519,0.913,1.2412,0.5,357.45,2026-09-22,-18.11,53.54,0,0.032,NAHI
,PRECWIRE,Precision Wires India Limited,Capital Goods,INE372C01037,EQ,515.15,2.759,,175.555,163.5721,71.6881,37.7775,59.2868,0.9826,2.759,1.0,515.15,2026-10-06,0.0,36.38,0,0.0,NAHI
,SBCL,Shivalik Bimetal Controls Limited,,INE386D01027,EQ,1099.6,1.8677,,98.0904,100.2706,168.097,51.9309,53.6867,0.917,1.8677,1.0,1156.0,2026-09-23,-4.88,58.44,0,0.0,NAHI
,JTLIND,JTL INDUSTRIES LIMITED,,INE391J01032,EQ,84.53,0.2123,,16.738,12.452,69.4667,2.5227,58.6475,0.9705,0.2123,1.0,135.12,2024-02-05,-37.44,25.21,0,0.0,NAHI
,POLICYBZR,PB Fintech Limited,Financial Services,INE417T01026,EQ,1034.9,-0.0,,-40.9034,-35.6672,-27.4721,-35.6405,57.4082,0.9585,-0.6213,0.0,2215.85,2025-01-03,-53.3,455.18,0,0.0,NAHI
,TDPOWERSYS,TD Power Systems Limited,Capital Goods,INE419M01035,EQ,816.0,3.1398,,183.6288,170.3107,89.0202,45.6233,54.2428,0.929,3.1398,1.0,816.0,2026-10-06,0.0,203.4,0,0.0,NAHI
,ICIL,Indo Count Industries Limited,Textiles,INE483B01026,EQ,473.15,0.8455,,70.4492,48.5807,91.1949,10.6913,57.4564,0.9598,0.8455,1.0,476.55,2026-09-23,-0.71,43.3,0,0.0,NAHI
,SUVEN,Suven Life Sciences Limited,Healthcare,INE495B01038,EQ,309.15,0.8236,,40.7402,46.8789,95.7141,-3.194,56.9189,0.9505,0.8236,1.0,392.05,2026-08-31,-21.15,28.8,0,0.0,NAHI
,DREDGECORP,Dredging Corporation of India Limited,,INE506A01018,EQ,909.0,0.7194,,36.1084,43.6594,7.6377,-13.5274,60.689,0.9893,0.7194,1.0,1438.4,2024-07-16,-36.8,14.15,0,0.0,NAHI
,CUPID,Cupid Limited,Fast Moving Consumer Goods,INE509F01029,EQ,324.2,9.0842,,642.6922,538.5804,270.345,46.6239,59.2877,0.9839,9.0842,1.0,324.2,2026-10-06,0.0,796.8,0,0.0,NAHI
,HINDCOPPER,Hindustan Copper Limited,Metals & Mining,INE531E01026,EQ,485.5,0.6597,,47.9146,70.9987,-1.9489,-2.0083,53.8116,0.9197,1.3194,0.5,760.05,2026-01-29,-36.12,512.59,0,0.0,NAHI
,HCC,Hindustan Construction Company Limited,Construction,INE549A01026,EQ,20.26,-0.2601,,-27.8747,-28.4222,31.5584,-14.9811,54.6346,0.9357,-0.5202,0.5,55.75,2024-07-31,-63.66,58.59,0,0.0,NAHI
,CONFIPET,Confidence Petroleum India Limited,,INE552D01024,EQ,86.67,1.2998,,86.7888,78.6981,65.4323,23.1633,60.5451,0.988,1.2998,1.0,114.6,2024-02-19,-24.37,27.67,0,0.0,NAHI
,DYCL,Dynamic Cables Limited,,INE600Y01019,EQ,446.05,0.0202,,8.9787,1.1389,64.7826,25.8606,56.4487,0.9478,0.0202,1.0,544.3,2026-09-03,-18.05,61.9,0,0.0,NAHI
,YASHO,Yasho Industries Limited,,INE616Z01012,EQ,4282.8,2.426,,153.4651,143.0443,206.1986,49.6959,58.964,0.9772,2.426,1.0,4915.8,2026-08-18,-12.88,22.96,0,0.0,NAHI
,VINDHYATEL,Vindhya Telelinks Limited,,INE707A01012,EQ,2829.7,1.2471,,94.8561,73.019,159.1182,45.1798,58.5499,0.9679,1.2471,1.0,3143.0,2024-07-30,-9.97,20.39,0,0.0,NAHI
,WALCHANNAG,Walchandnagar Industries Limited,,INE711A01022,EQ,204.17,-0.0813,,4.094,-4.6494,41.8734,-14.9292,57.1722,0.9545,-0.0813,1.0,418.89,2024-07-31,-51.26,17.31,0,0.0,NAHI
,APOLLO,Apollo Micro Systems Limited,Capital Goods,INE713T01028,EQ,408.05,0.3482,,19.4176,18.7955,106.9954,1.6694,53.9855,0.9224,0.3482,1.0,450.05,2026-07-03,-9.33,259.4,0,0.0,NAHI
,KENNAMET,Kennametal India Limited,,INE717A01029,EQ,4268.6,,,,,,50.2711,,,,,5027.9,2026-09-10,-15.1,16.85,243,0.0,NAHI
,GENESYS,Genesys International Corporation Limited,,INE727B01026,EQ,301.05,-0.3046,,-43.1713,-51.159,27.0736,-10.6809,83.9906,1.0,-0.6091,0.5,1029.7,2025-01-20,-70.76,34.21,0,0.0,NAHI
,SAKAR,Sakar Healthcare Limited,,INE732S01012,EQ,1048.5,4.0438,,185.9286,218.7043,103.4737,27.3456,54.0844,0.925,4.0438,1.0,1188.4,2026-09-22,-11.77,16.27,0,0.0,NAHI
,TARIL,Transformers And Rectifiers (India) Limited,Capital Goods,INE763I01026,EQ,283.65,-0.403,,-44.1634,-48.0154,3.8631,-15.0494,59.5782,0.9853,-0.8059,0.5,619.6,2025-01-03,-54.22,76.98,0,0.0,NAHI
,EXICOM,Exicom Tele-Systems Limited,,INE777F01014,EQ,156.17,0.1335,,4.3778,7.798,83.9242,-4.7105,58.429,0.9652,0.1335,1.0,518.85,2024-07-02,-69.9,25.82,0,0.0,NAHI
,OMAXE,Omaxe Limited,,INE800H01010,EQ,107.71,0.5257,,28.9014,28.5648,47.2655,22.0233,54.3336,0.9304,0.5257,1.0,234.35,2018-01-09,-54.04,40.58,0,0.0,NAHI
,ANTELOPUS,Antelopus Selan Energy Limited,,INE818A01017,EQ,1100.6,1.4445,,98.9695,99.9741,86.2267,38.2663,69.212,0.9987,1.4445,1.0,1261.7,2026-09-25,-12.77,163.74,0,0.008,NAHI
,RAIN,Rain Industries Limited,Chemicals,INE855B01025,EQ,212.63,1.0118,,56.8183,54.8663,88.035,5.8335,54.2238,0.9277,1.0118,1.0,461.2,2018-01-08,-53.9,107.37,0,0.0,NAHI
,WEBELSOLAR,Websol Energy System Limited,Capital Goods,INE855C01023,EQ,70.89,-0.0,,-43.4012,-44.2892,-7.1634,-30.2744,58.3659,0.9639,-0.7588,0.0,183.7,2024-12-26,-61.41,16.84,0,0.0,NAHI
,GVPIL,GE Power India Limited,,INE878A01011,EQ,734.85,1.3183,,118.6728,77.3965,78.7956,-16.8204,58.7099,0.9719,1.3183,1.0,1055.2,2026-06-17,-30.36,16.26,0,0.0,NAHI
,GOKEX,Gokaldas Exports Limited,Textiles,INE887G01027,EQ,682.75,-0.1727,,-11.4175,-18.4549,12.3221,-19.2728,53.4312,0.9143,-0.3454,0.5,1249.9,2024-12-18,-45.38,21.8,0,0.0,NAHI
,KABRAEXTRU,Kabra Extrusion Technik Limited,,INE900B01029,BE,815.7,3.6028,,209.2701,209.5392,293.6776,178.4434,58.1595,,3.6028,1.0,863.15,2026-09-28,-5.5,20.29,0,0.0,NAHI
,RPEL,Raghav Productivity Enhancers Limited,,INE912T01018,EQ,1835.6,2.8212,,171.8602,147.0315,192.8292,40.5298,52.1161,0.9023,2.8212,1.0,1885.2,2026-09-03,-2.63,16.13,0,0.0,NAHI
,INDSWFTLAB,Ind-Swift Laboratories Limited,,INE915B01019,EQ,400.45,5.0824,,287.9202,285.6913,188.4048,86.126,56.2118,0.9465,5.0824,1.0,413.1,2026-09-29,-3.06,38.54,0,0.0,NAHI
,KAYNES,Kaynes Technology India Limited,Capital Goods,INE918Z01012,EQ,3405.0,-0.0,,-54.6182,-49.3878,-3.7592,2.7893,54.9551,0.9384,-0.8987,0.0,7597.55,2025-01-01,-55.18,453.05,0,0.0,NAHI
,AGIIL,Agi Infra Limited,,INE976R01033,EQ,259.1,0.1423,,2.5976,15.114,-12.8929,-24.9421,53.1044,0.9116,0.2846,0.5,419.15,2026-05-15,-38.18,50.14,0,0.0,NAHI
,MANINDS,Man Industries (India) Limited,,INE993A01026,EQ,922.05,2.0484,,117.1829,121.3233,163.067,63.92,59.2284,0.9799,2.0484,1.0,1020.35,2026-09-25,-9.63,93.27,0,0.0,NAHI
